Prompt,Completion
Generate ESB ItemName:,Abyss Greatsword
Generate ESB ItemName:,Academy Glintstone Staff
Generate ESB ItemName:,Aged Smelter Sword
Generate ESB ItemName:,Alabaster Lord's Sword
Generate ESB ItemName:,Albinauric Bow
Generate ESB ItemName:,Albinauric Staff
Generate ESB ItemName:,Aldia Hammer
Generate ESB ItemName:,Alonne Greatbow
Generate ESB ItemName:,Amygdalan Arm
Generate ESB ItemName:,Anri's Straight Sword
Generate ESB ItemName:,Antspur Rapier
Generate ESB ItemName:,Aquamarine Dagger
Generate ESB ItemName:,Arbalest
Generate ESB ItemName:,Arced Sword
Generate ESB ItemName:,Archdeacon's Great Staff
Generate ESB ItemName:,Archdrake Chime
Generate ESB ItemName:,Archdrake Mace
Generate ESB ItemName:,Archdrake Staff
Generate ESB ItemName:,Arstor's Spear
Generate ESB ItemName:,Ashen Warrior Sword
Generate ESB ItemName:,Astora Greatsword
Generate ESB ItemName:,Astora Straight Sword
Generate ESB ItemName:,Astrologer's Staff
Generate ESB ItemName:,Avelyn
Generate ESB ItemName:,Evalyn
Generate ESB ItemName:,Axe of Godfrey
Generate ESB ItemName:,Axe of Godrick
Generate ESB ItemName:,Azal's Staff
Generate ESB ItemName:,Azur's Glintstone Staff
Generate ESB ItemName:,Balder Side Sword
Generate ESB ItemName:,Bandit Axe
Generate ESB ItemName:,Bandit Greataxe
Generate ESB ItemName:,Bandit's Curved Sword
Generate ESB ItemName:,Bandit's Knife
Generate ESB ItemName:,Bandit's Dagger
Generate ESB ItemName:,Bandit's Blade
Generate ESB ItemName:,Banished Knight's Greatsword
Generate ESB ItemName:,Banished Knight's Halberd
Generate ESB ItemName:,Barbed Club
Generate ESB ItemName:,Barbed Straight Sword
Generate ESB ItemName:,Bastard Sword
Generate ESB ItemName:,Bastard's Stars
Generate ESB ItemName:,Bat Staff
Generate ESB ItemName:,Battle Axe
Generate ESB ItemName:,Battle Hammer
Generate ESB ItemName:,Beast Claw
Generate ESB ItemName:,Beast Cutter
Generate ESB ItemName:,Beast-Repellent Torch
Generate ESB ItemName:,Beastclaw Greathammer
Generate ESB ItemName:,Beasthunter Saif
Generate ESB ItemName:,Beastman's Curved Sword
Generate ESB ItemName:,Beatrice's Catalyst
Generate ESB ItemName:,Bell Keeper Bow
Generate ESB ItemName:,Berserker Blade
Generate ESB ItemName:,Bewitched Alonne Sword
Generate ESB ItemName:,Black Blade
Generate ESB ItemName:,Black Bow
Generate ESB ItemName:,Black Bow of Pharis
Generate ESB ItemName:,Black Bow of Arashava
Generate ESB ItemName:,Black Dragon Greataxe
Generate ESB ItemName:,Black Dragon Greatsword
Generate ESB ItemName:,Black Dragon Sword
Generate ESB ItemName:,Black Dragon Warpick
Generate ESB ItemName:,Black Flamestone Dagger
Generate ESB ItemName:,Black Knife
Generate ESB ItemName:,Black Knight Glaive
Generate ESB ItemName:,Black Knight Greataxe
Generate ESB ItemName:,Black Knight Greatsword
Generate ESB ItemName:,Black Knight Halberd
Generate ESB ItemName:,Black Knight Sword
Generate ESB ItemName:,Black Knight Ultra Greatsword
Generate ESB ItemName:,Black Scorpion Stinger
Generate ESB ItemName:,Black Witch's Staff
Generate ESB ItemName:,Blacksmith Giant Hammer
Generate ESB ItemName:,Blacksmith Hammer
Generate ESB ItemName:,Blacksteel Katana
Generate ESB ItemName:,Blade of Calling
Generate ESB ItemName:,Blade of Mercy
Generate ESB ItemName:,Blasphemous Blade
Generate ESB ItemName:,Bloodhound Claws
Generate ESB ItemName:,Bloodied Whip
Generate ESB ItemName:,Bloodletter
Generate ESB ItemName:,Bloodlust
Generate ESB ItemName:,Bloodstained Dagger
Generate ESB ItemName:,Bloody Helice
Generate ESB ItemName:,Blue Dagger
Generate ESB ItemName:,Blue Flame
Generate ESB ItemName:,Blue Knight's Halberd
Generate ESB ItemName:,Bluemoon Greatsword
Generate ESB ItemName:,Bolt of Gransax
Generate ESB ItemName:,Bone Fist
Generate ESB ItemName:,Bone Scythe
Generate ESB ItemName:,Bone Staff
Generate ESB ItemName:,Bound Hand Axe
Generate ESB ItemName:,Bow of Want
Generate ESB ItemName:,Brick Hammer
Generate ESB ItemName:,Brigand Twindaggers
Generate ESB ItemName:,Broadsword
Generate ESB ItemName:,Broken Straight Sword
Generate ESB ItemName:,Broken Longsword
Generate ESB ItemName:,Broken Thief Sword
Generate ESB ItemName:,Butcher's Knife
Generate ESB ItemName:,Butchering Knife
Generate ESB ItemName:,Caestus
Generate ESB ItemName:,Caitha's Chime
Generate ESB ItemName:,Cane Sword
Generate ESB ItemName:,Canvas Talisman
Generate ESB ItemName:,Carian Glintblade Staff
Generate ESB ItemName:,Carian Glintstone Staff
Generate ESB ItemName:,Carian Knight's Sword
Generate ESB ItemName:,Carian Regal Scepter
Generate ESB ItemName:,Carthus Curved Greatsword
Generate ESB ItemName:,Carthus Curved Sword
Generate ESB ItemName:,Carthus Shotel
Generate ESB ItemName:,Cathedral Knight Greatsword
Generate ESB ItemName:,Celebrant's Cleaver
Generate ESB ItemName:,Celebrant's Rib-Rake
Generate ESB ItemName:,Celebrant's Sickle
Generate ESB ItemName:,Celebrant's Skull
Generate ESB ItemName:,Chainlink Flail
Generate ESB ItemName:,Channeler's Trident
Generate ESB ItemName:,Chaos Blade
Generate ESB ItemName:,Chaos Rapier
Generate ESB ItemName:,Chariot Lance
Generate ESB ItemName:,Charred Loyce Greatsword
Generate ESB ItemName:,Chikage
Generate ESB ItemName:,Chime of Scream
Generate ESB ItemName:,Chime of Want
Generate ESB ItemName:,Church Pick
Generate ESB ItemName:,Cinquedea
Generate ESB ItemName:,Cipher Pata
Generate ESB ItemName:,Clawmark Seal
Generate ESB ItemName:,Claws
Generate ESB ItemName:,Clayman's Harpoon
Generate ESB ItemName:,Claymore
Generate ESB ItemName:,Cleanrot Knight's Sword
Generate ESB ItemName:,Cleanrot Spear
Generate ESB ItemName:,Cleric's Candlestick
Generate ESB ItemName:,Cleric's Sacred Chime
Generate ESB ItemName:,Clinging Bone
Generate ESB ItemName:,Club
Generate ESB ItemName:,Coded Sword
Generate ESB ItemName:,Commander's Standard
Generate ESB ItemName:,Composite Bow
Generate ESB ItemName:,Corvian Greatknife
Generate ESB ItemName:,Court Sorcerer's Staff
Generate ESB ItemName:,Craftsman's Hammer
Generate ESB ItemName:,Cranial Vessel Candlestand
Generate ESB ItemName:,Crepus's Black-Key Crossbow
Generate ESB ItemName:,Crescent Axe
Generate ESB ItemName:,Crescent Greataxe
Generate ESB ItemName:,Crescent Moon Axe
Generate ESB ItemName:,Crescent Moon Sword
Generate ESB ItemName:,Crescent Sickle
Generate ESB ItemName:,Cross-Naginata
Generate ESB ItemName:,Crow Quills
Generate ESB ItemName:,Crow Talons
Generate ESB ItemName:,Crucifix of the Mad King
Generate ESB ItemName:,Crystal Chime
Generate ESB ItemName:,Crystal Greatsword
Generate ESB ItemName:,Crystal Knife
Generate ESB ItemName:,Crystal Sage's Rapier
Generate ESB ItemName:,Crystal Spear
Generate ESB ItemName:,Crystal Staff
Generate ESB ItemName:,Crystal Straight Sword
Generate ESB ItemName:,Crystal Sword
Generate ESB ItemName:,Curved Club
Generate ESB ItemName:,Curved Dragon Greatsword
Generate ESB ItemName:,Curved Great Club
Generate ESB ItemName:,Curved Nil Greatsword
Generate ESB ItemName:,Curved Twinblade
Generate ESB ItemName:,Dagger
Generate ESB ItemName:,Dancer's Enchanted Swords
Generate ESB ItemName:,Dark Hand
Generate ESB ItemName:,Dark Moon Greatsword
Generate ESB ItemName:,Dark Silver Tracer
Generate ESB ItemName:,Dark Sword
Generate ESB ItemName:,Darkdrift
Generate ESB ItemName:,Darkmoon Bow
Generate ESB ItemName:,Darkmoon Longbow
Generate ESB ItemName:,Darkmoon talisman
Generate ESB ItemName:,Darksword
Generate ESB ItemName:,Death Ritual Spear
Generate ESB ItemName:,Death's Poker
Generate ESB ItemName:,Defender Greatsword
Generate ESB ItemName:,Demi-Human Queen's Staff
Generate ESB ItemName:,Demon Great Machete
Generate ESB ItemName:,Demon's Catalyst
Generate ESB ItemName:,Demon's Fist
Generate ESB ItemName:,Demon's Great Hammer
Generate ESB ItemName:,Demon's Greataxe
Generate ESB ItemName:,Demon's Scar
Generate ESB ItemName:,Demon's Spear
Generate ESB ItemName:,Devourer's Scepter
Generate ESB ItemName:,Digger's Staff
Generate ESB ItemName:,Disc Chime
Generate ESB ItemName:,Dragon Bone Fist
Generate ESB ItemName:,Dragon Chime
Generate ESB ItemName:,Dragon Communion Seal
Generate ESB ItemName:,Dragon Greatclaw
Generate ESB ItemName:,Dragon Greatsword
Generate ESB ItemName:,Dragon Halberd
Generate ESB ItemName:,Dragon King Greataxe
Generate ESB ItemName:,Dragon King's Cragblade
Generate ESB ItemName:,Dragon Tooth
Generate ESB ItemName:,Fake Dragon Tooth
Generate ESB ItemName:,Dragonrider Bow
Generate ESB ItemName:,Dragonrider Longbow
Generate ESB ItemName:,Dragonrider Twinblade
Generate ESB ItemName:,Dragonrider's Halberd
Generate ESB ItemName:,Dragonscale Blade
Generate ESB ItemName:,Dragonslayer Greataxe
Generate ESB ItemName:,Dragonslayer Greatbow
Generate ESB ItemName:,Dragonslayer Spear
Generate ESB ItemName:,Dragonslayer Glaive
Generate ESB ItemName:,Dragonslayer Greatspear
Generate ESB ItemName:,Dragonslayer Swordspear
Generate ESB ItemName:,Dragonslayer's Axe
Generate ESB ItemName:,Dragonslayer's Crescent Axe
Generate ESB ItemName:,Drake Sword
Generate ESB ItemName:,Drakeblood Greatsword
Generate ESB ItemName:,Drakekeeper's Great Hammer
Generate ESB ItemName:,Drakekeeper's Greataxe
Generate ESB ItemName:,Drakekeeper's Sword
Generate ESB ItemName:,Drakekeeper's Ultra Greatsword
Generate ESB ItemName:,Drakekeeper's Warpick
Generate ESB ItemName:,Drakewing Ultra Greatsword
Generate ESB ItemName:,Drang Hammers
Generate ESB ItemName:,Drang Twinspears
Generate ESB ItemName:,Drangleic Sword
Generate ESB ItemName:,Duelist Greataxe
Generate ESB ItemName:,Earth Seeker
Generate ESB ItemName:,Eclipse Shotel
Generate ESB ItemName:,Elder Flame
Generate ESB ItemName:,Eleonora
Generate ESB ItemName:,Eleonora's Poleblade
Generate ESB ItemName:,Eleum Loyce
Generate ESB ItemName:,Envoy's Greathorn
Generate ESB ItemName:,Envoy's Horn
Generate ESB ItemName:,Envoy's Long Horn
Generate ESB ItemName:,Erdsteel Dagger
Generate ESB ItemName:,Erdtree Bow
Generate ESB ItemName:,Erdtree Greatbow
Generate ESB ItemName:,Erdtree Seal
Generate ESB ItemName:,Espada Ropera
Generate ESB ItemName:,Estoc
Generate ESB ItemName:,Executioner's Greataxe
Generate ESB ItemName:,Executioner's Greatsword
Generate ESB ItemName:,Exile Greatsword
Generate ESB ItemName:,Falchion
Generate ESB ItemName:,Great Falchion
Generate ESB ItemName:,Fallingstar Beast Jaw
Generate ESB ItemName:,Family Heads
Generate ESB ItemName:,Farron Greatsword
Generate ESB ItemName:,Finger Seal
Generate ESB ItemName:,Firelink Greatsword
Generate ESB ItemName:,Flail
Generate ESB ItemName:,Flamberge
Generate ESB ItemName:,Redmane Flamberge
Generate ESB ItemName:,Flowing Curved Sword
Generate ESB ItemName:,Follower Javelin
Generate ESB ItemName:,Follower Sabre
Generate ESB ItemName:,Foot Soldier Sword
Generate ESB ItemName:,Forked Greatsword
Generate ESB ItemName:,Forked Hatchet
Generate ESB ItemName:,Four-Pronged Plow
Generate ESB ItemName:,Frayed Blade
Generate ESB ItemName:,Frenzied Flame Seal
Generate ESB ItemName:,Friede's Great Scythe
Generate ESB ItemName:,Frozen Needle
Generate ESB ItemName:,Full Moon Crossbow
Generate ESB ItemName:,Full Moon Sickle
Generate ESB ItemName:,Fume Sword
Generate ESB ItemName:,Fume Ultra Greatsword
Generate ESB ItemName:,Gael's Greatsword
Generate ESB ItemName:,Gargoyle Bident
Generate ESB ItemName:,Gargoyle Flame Hammer
Generate ESB ItemName:,Gargoyle Flame Spear
Generate ESB ItemName:,Gargoyle Tail Axe
Generate ESB ItemName:,Gargoyle's Black Axe
Generate ESB ItemName:,Gargoyle's Black Halberd
Generate ESB ItemName:,Gargoyle's Blackblade
Generate ESB ItemName:,Gargoyle's Great Axe
Generate ESB ItemName:,Gargoyle's Greatsword
Generate ESB ItemName:,Gargoyle's Halberd
Generate ESB ItemName:,Gargoyle's Twinblade
Generate ESB ItemName:,Gelmir Glintstone Staff
Generate ESB ItemName:,Ghiza's Wheel
Generate ESB ItemName:,Ghost Blade
Generate ESB ItemName:,Ghostflame Torch
Generate ESB ItemName:,Giant Stone Axe
Generate ESB ItemName:,Giant Warrior Club
Generate ESB ItemName:,Giant-Crusher
Generate ESB ItemName:,Giant's Halberd
Generate ESB ItemName:,Giant's Red Braid
Generate ESB ItemName:,Giant's Seal
Generate ESB ItemName:,Glaive
Generate ESB ItemName:,Glintstone Kris
Generate ESB ItemName:,Glintstone Staff
Generate ESB ItemName:,Godskin Peeler
Generate ESB ItemName:,Godskin Stitcher
Generate ESB ItemName:,Godslayer's Greatsword
Generate ESB ItemName:,Godslayer's Seal
Generate ESB ItemName:,Gold Tracer
Generate ESB ItemName:,Golden Epitaph
Generate ESB ItemName:,Golden Halberd
Generate ESB ItemName:,Golden Order Greatsword
Generate ESB ItemName:,Golden Order Seal
Generate ESB ItemName:,Golden Ritual Spear
Generate ESB ItemName:,Golem Axe
Generate ESB ItemName:,Golem Greatbow
Generate ESB ItemName:,Golem's Halberd
Generate ESB ItemName:,Gotthard Twinswords
Generate ESB ItemName:,Gough's Greatbow
Generate ESB ItemName:,Grafted Blade Greatsword
Generate ESB ItemName:,Grafted Dragon
Generate ESB ItemName:,Grand Lance
Generate ESB ItemName:,Grant
Generate ESB ItemName:,Grave Scythe
Generate ESB ItemName:,Gravel Stone Seal
Generate ESB ItemName:,Gravelord Sword
Generate ESB ItemName:,Great Club
Generate ESB ItemName:,Great Corvian Scythe
Generate ESB ItemName:,Great Épée
Generate ESB ItemName:,Great Knife
Generate ESB ItemName:,Great Lord Greatsword
Generate ESB ItemName:,Great Mace
Generate ESB ItemName:,Great Machete
Generate ESB ItemName:,Great Omenkiller Cleaver
Generate ESB ItemName:,Great Scythe
Generate ESB ItemName:,Great Stars
Generate ESB ItemName:,Great Wooden Hammer
Generate ESB ItemName:,Greataxe
Generate ESB ItemName:,Greathorn Hammer
Generate ESB ItemName:,Greatlance
Generate ESB ItemName:,Ultra Greatsword
Generate ESB ItemName:,Greatsword
Generate ESB ItemName:,Greatsword of Artorias
Generate ESB ItemName:,Greatsword of Artorias (Cursed)
Generate ESB ItemName:,Greatsword of the Forlorn
Generate ESB ItemName:,Grossmesser
Generate ESB ItemName:,Guardian Tail
Generate ESB ItemName:,Gundyr's Halberd
Generate ESB ItemName:,Gyrm Axe
Generate ESB ItemName:,Gyrm Great Hammer
Generate ESB ItemName:,Gyrm Greataxe
Generate ESB ItemName:,Halberd
Generate ESB ItemName:,Halo Scythe
Generate ESB ItemName:,Hammer
Generate ESB ItemName:,Hammer of Vamos
Generate ESB ItemName:,Hand Axe
Generate ESB ItemName:,Hand of Malenia
Generate ESB ItemName:,Handmaid's Dagger
Generate ESB ItemName:,Handmaid's Ladle
Generate ESB ItemName:,Harald Curved Greatsword
Generate ESB ItemName:,Harp Bow
Generate ESB ItemName:,Harpe
Generate ESB ItemName:,Heavy Crossbow
Generate ESB ItemName:,Heide Greatlance
Generate ESB ItemName:,Heide Knight Sword
Generate ESB ItemName:,Heidi Lance
Generate ESB ItemName:,Helix Halberd
Generate ESB ItemName:,Helphen's Steeple
Generate ESB ItemName:,Heretic's Staff
Generate ESB ItemName:,Heysel Pick
Generate ESB ItemName:,Highland Axe
Generate ESB ItemName:,Hollowslayer Greatsword
Generate ESB ItemName:,Holy Moonlight Sword
Generate ESB ItemName:,Homunculus Mace
Generate ESB ItemName:,Hookclaws
Generate ESB ItemName:,Horn Bow
Generate ESB ItemName:,Hoslow's Petal Whip
Generate ESB ItemName:,Hunter Axe
Generate ESB ItemName:,Hunter's Blackbow
Generate ESB ItemName:,Iaito
Generate ESB ItemName:,Ice Rapier
Generate ESB ItemName:,Icerind Hatchet
Generate ESB ItemName:,Idol's Chime
Generate ESB ItemName:,Immolation Tinder
Generate ESB ItemName:,Infantry Axe
Generate ESB ItemName:,Inquisitor's Girandole
Generate ESB ItemName:,Inseparable Sword
Generate ESB ItemName:,Irithyll Rapier
Generate ESB ItemName:,Irithyll Straight Sword
Generate ESB ItemName:,Iron Ball
Generate ESB ItemName:,Iron Cleaver
Generate ESB ItemName:,Iron Greatsword
Generate ESB ItemName:,Iron King Hammer
Generate ESB ItemName:,Iron Spear
Generate ESB ItemName:,Ivory King Ultra Greatsword
Generate ESB ItemName:,Ivory Sickle
Generate ESB ItemName:,Ivory Straight Sword
Generate ESB ItemName:,Ivory Talisman
Generate ESB ItemName:,Izalith Catalyst
Generate ESB ItemName:,Jagged Ghost Blade
Generate ESB ItemName:,Jawbone Axe
Generate ESB ItemName:,Katar
Generate ESB ItemName:,Key to the Embedded
Generate ESB ItemName:,King's Ultra Greatsword
Generate ESB ItemName:,Kirkhammer
Generate ESB ItemName:,Knight's Crossbow
Generate ESB ItemName:,Knight's Greatsword
Generate ESB ItemName:,Kos Parasite
Generate ESB ItemName:,Large Club
Generate ESB ItemName:,Lazuli Glintstone Sword
Generate ESB ItemName:,Ledo's Great Hammer
Generate ESB ItemName:,Lifehunt Scythe
Generate ESB ItemName:,Light Crossbow
Generate ESB ItemName:,Lion Greataxe
Generate ESB ItemName:,Lion Greatbow
Generate ESB ItemName:,Lizard Staff
Generate ESB ItemName:,Logan's Catalyst
Generate ESB ItemName:,Logarius' Wheel
Generate ESB ItemName:,Long Bow
Generate ESB ItemName:,Longbow
Generate ESB ItemName:,Longhaft Axe
Generate ESB ItemName:,Longsword
Generate ESB ItemName:,Lordsworn's Greatsword
Generate ESB ItemName:,Lordsworn's Straight Sword
Generate ESB ItemName:,Loretta's War Sickle
Generate ESB ItemName:,Lorian's Greatsword
Generate ESB ItemName:,Lost Sinner's Sword
Generate ESB ItemName:,Lothric Knight Greatsword
Generate ESB ItemName:,Lothric Knight Long Spear
Generate ESB ItemName:,Lothric Knight Sword
Generate ESB ItemName:,Lothric War Banner
Generate ESB ItemName:,Lothric's Holy Sword
Generate ESB ItemName:,Lucerne
Generate ESB ItemName:,Ludwig's Holy Blade
Generate ESB ItemName:,Lusat's Glintstone Staff
Generate ESB ItemName:,Mace
Generate ESB ItemName:,Mace of the Insolent
Generate ESB ItemName:,Magma Blade
Generate ESB ItemName:,Magma Whip Candlestick
Generate ESB ItemName:,Mail Breaker
Generate ESB ItemName:,Majestic Greatsword
Generate ESB ItemName:,Malformed Claws
Generate ESB ItemName:,Malformed Shell
Generate ESB ItemName:,Maliketh's Black Blade
Generate ESB ItemName:,Man Serpent Hatchet
Generate ESB ItemName:,Man-Grub's Staff
Generate ESB ItemName:,Man-Serpent greatsword
Generate ESB ItemName:,Manikin Claws
Generate ESB ItemName:,Manikin Knife
Generate ESB ItemName:,Manikin Sabre
Generate ESB ItemName:,Manslayer
Generate ESB ItemName:,Mantis Blade
Generate ESB ItemName:,Manus Catalyst
Generate ESB ItemName:,Marais Executioner's Sword
Generate ESB ItemName:,Marika's Hammer
Generate ESB ItemName:,Mastodon Greatsword
Generate ESB ItemName:,Mastodon Halberd
Generate ESB ItemName:,Melu Scimitar
Generate ESB ItemName:,Mendicant's Staff
Generate ESB ItemName:,Metal hammer of Andre of Astora
Generate ESB ItemName:,Meteoric Ore Blade
Generate ESB ItemName:,Meteorite Staff
Generate ESB ItemName:,Millwood Battle Axe
Generate ESB ItemName:,Millwood Greatbow
Generate ESB ItemName:,Miquellan Knight's Sword
Generate ESB ItemName:,Mirrah Greatsword
Generate ESB ItemName:,Misbegotten Shortbow
Generate ESB ItemName:,Miséricorde
Generate ESB ItemName:,Mohgwyn's Sacred Spear
Generate ESB ItemName:,Monastery Scimitar
Generate ESB ItemName:,Monk's Flamemace
Generate ESB ItemName:,Moonlight Butterfly Horn
Generate ESB ItemName:,Moonlight Greatsword
Generate ESB ItemName:,Moonveil
Generate ESB ItemName:,Morne's Great Hammer
Generate ESB ItemName:,Morning Star
Generate ESB ItemName:,Murakumo
Generate ESB ItemName:,Murky Hand Scythe
Generate ESB ItemName:,Murky Longstaff
Generate ESB ItemName:,Mytha's Bent Blade
Generate ESB ItemName:,Nagakiba
Generate ESB ItemName:,Nightrider Flail
Generate ESB ItemName:,Nightrider Glaive
Generate ESB ItemName:,Noble's Estoc
Generate ESB ItemName:,Noble's Slender Sword
Generate ESB ItemName:,Notched Whip
Generate ESB ItemName:,Nox Flowing Hammer
Generate ESB ItemName:,Nox Flowing Sword
Generate ESB ItemName:,Obsidian Greatsword
Generate ESB ItemName:,Old King's Great Hammer
Generate ESB ItemName:,Old Knight Greatsword
Generate ESB ItemName:,Old Knight Hammer
Generate ESB ItemName:,Old Knight Pike
Generate ESB ItemName:,Old Knight Ultra Greatsword
Generate ESB ItemName:,Old Whip
Generate ESB ItemName:,Old Wolf Curved Sword
Generate ESB ItemName:,Olenford's Staff
Generate ESB ItemName:,Onikiri and Ubadachi
Generate ESB ItemName:,Onislayer Greatbow
Generate ESB ItemName:,Onyx Blade
Generate ESB ItemName:,Oolacile Catalyst
Generate ESB ItemName:,Oolacile Ivory Catalyst
Generate ESB ItemName:,Ordovis's Greatsword
Generate ESB ItemName:,Ornamental Straight Sword
Generate ESB ItemName:,Painting Guardian Sword
Generate ESB ItemName:,Painting Guardian's Curved Sword
Generate ESB ItemName:,Parrying Dagger
Generate ESB ItemName:,Parrying Dagger
Generate ESB ItemName:,Partisan
Generate ESB ItemName:,Partizan
Generate ESB ItemName:,Pate's Spear
Generate ESB ItemName:,Pest's Glaive
Generate ESB ItemName:,Pickaxe
Generate ESB ItemName:,Pike
Generate ESB ItemName:,Pilgrim's Spontoon
Generate ESB ItemName:,Pontiff Knight Curved Sword
Generate ESB ItemName:,Pontiff Knight Great Scythe
Generate ESB ItemName:,Possessed Armor Greatbow
Generate ESB ItemName:,Possessed Armor Sword
Generate ESB ItemName:,Preacher's Right Arm
Generate ESB ItemName:,Prelate's Inferno Crozier
Generate ESB ItemName:,Priest's Chime
Generate ESB ItemName:,Prince of Death's Staff
Generate ESB ItemName:,Priscilla's Dagger
Generate ESB ItemName:,Profaned Greatsword
Generate ESB ItemName:,Protective Chime
Generate ESB ItemName:,Pulley Bow
Generate ESB ItemName:,Pursuer's Greatsword
Generate ESB ItemName:,Puzzling Stone Sword
Generate ESB ItemName:,Pyromancy Flame
Generate ESB ItemName:,Quakestone Hammer
Generate ESB ItemName:,Quelaag's Furysword
Generate ESB ItemName:,Rakuyo
Generate ESB ItemName:,Rampart Golem Lance
Generate ESB ItemName:,Rapier
Generate ESB ItemName:,Raptor Talons
Generate ESB ItemName:,Red Branch Shortbow
Generate ESB ItemName:,Red Iron Twinblade
Generate ESB ItemName:,Red Rust Scimitar
Generate ESB ItemName:,Red Rust Sword
Generate ESB ItemName:,Reduvia
Generate ESB ItemName:,Regalia of Eochaid
Generate ESB ItemName:,Reinforced Club
Generate ESB ItemName:,Reiterpallasch
Generate ESB ItemName:,Retainer Staff
Generate ESB ItemName:,Retainer's Short Sword
Generate ESB ItemName:,Ricard's Rapier
Generate ESB ItemName:,Rifle Spear
Generate ESB ItemName:,Ringed Finger
Generate ESB ItemName:,Ringed Knight Paired Greatswords
Generate ESB ItemName:,Ringed Knight Spear
Generate ESB ItemName:,Ringed Knight Straight Sword
Generate ESB ItemName:,Ripple Blade
Generate ESB ItemName:,Ripple Crescent Halberd
Generate ESB ItemName:,Rissidium Spear
Generate ESB ItemName:,Roaring Halberd
Generate ESB ItemName:,Rogier's Rapier
Generate ESB ItemName:,Rose of Ariandel
Generate ESB ItemName:,Rosus' Axe
Generate ESB ItemName:,Rotten Battle Hammer
Generate ESB ItemName:,Rotten Crystal Spear
Generate ESB ItemName:,Rotten Crystal Staff
Generate ESB ItemName:,Rotten Crystal Sword
Generate ESB ItemName:,Rotten Ghru Curved Sword
Generate ESB ItemName:,Rotten Ghru Dagger
Generate ESB ItemName:,Rotten Ghru Spear
Generate ESB ItemName:,Rotten Greataxe
Generate ESB ItemName:,Rotten Staff
Generate ESB ItemName:,Royal Dirk
Generate ESB ItemName:,Royal Greatsword
Generate ESB ItemName:,Ruins Greatsword
Generate ESB ItemName:,Ruler's Sword
Generate ESB ItemName:,Rusted Anchor
Generate ESB ItemName:,Sacred Chime
Generate ESB ItemName:,Sacred Chime of Filianore
Generate ESB ItemName:,Sacred Relic Sword
Generate ESB ItemName:,Sacrificial Axe
Generate ESB ItemName:,Sage's Crystal Rodd
Generate ESB ItemName:,Saint Bident
Generate ESB ItemName:,Saint-tree Bellvine
Generate ESB ItemName:,Saint's Talisman
Generate ESB ItemName:,Sanctum Crossbow
Generate ESB ItemName:,Sanctum Mace
Generate ESB ItemName:,Sanctum Repeating Crossbow
Generate ESB ItemName:,Santier's Spear
Generate ESB ItemName:,Saw Cleaver
Generate ESB ItemName:,Saw Spear
Generate ESB ItemName:,Scepter of the All-Knowing
Generate ESB ItemName:,Scholar's Candlestick
Generate ESB ItemName:,Scimitar
Generate ESB ItemName:,Scimitars
Generate ESB ItemName:,Scorpion's Stinger
Generate ESB ItemName:,Scythe
Generate ESB ItemName:,Scythe of Nahr Alma
Generate ESB ItemName:,Scythe of the Forlorn
Generate ESB ItemName:,Scythe of Want
Generate ESB ItemName:,Sea Bow
Generate ESB ItemName:,Sellsword Twinblades
Generate ESB ItemName:,Sentry's Torch
Generate ESB ItemName:,Serpent Bow
Generate ESB ItemName:,Serpent-God's Curved Sword
Generate ESB ItemName:,Serpent-Hunter
Generate ESB ItemName:,Serpentbone Blade
Generate ESB ItemName:,Server
Generate ESB ItemName:,Shadow Dagger
Generate ESB ItemName:,Shamshir
Generate ESB ItemName:,Shield Crossbow
Generate ESB ItemName:,Short Bow
Generate ESB ItemName:,Short Spear
Generate ESB ItemName:,Shortsword
Generate ESB ItemName:,Shotel
Generate ESB ItemName:,Shotel
Generate ESB ItemName:,Siluria's Tree
Generate ESB ItemName:,Silver Knight Spear
Generate ESB ItemName:,Silver Knight Straight Sword
Generate ESB ItemName:,Silverblack Sickle
Generate ESB ItemName:,Silverblack Spear
Generate ESB ItemName:,Simon's Bowblade
Generate ESB ItemName:,Smelter Hammer
Generate ESB ItemName:,Smelter Sword
Generate ESB ItemName:,Smough's Great Hammer
Generate ESB ItemName:,Smough's Hammer
Generate ESB ItemName:,Sniper Crossbow
Generate ESB ItemName:,Soldering Iron
Generate ESB ItemName:,Soldier's Crossbow
Generate ESB ItemName:,Sorcerer's Catalyst
Generate ESB ItemName:,Sorcerer's Staff
Generate ESB ItemName:,Sorcerer's Twinblade
Generate ESB ItemName:,Spear
Generate ESB ItemName:,Spider Fang
Generate ESB ItemName:,Spider's Silk
Generate ESB ItemName:,Spiked Caestus
Generate ESB ItemName:,Spiked Club
Generate ESB ItemName:,Spiked Mace
Generate ESB ItemName:,Spiked Spear
Generate ESB ItemName:,Spitfire Spear
Generate ESB ItemName:,Splitleaf Greatsword
Generate ESB ItemName:,Spotted Whip
Generate ESB ItemName:,St. Trina's Torch
Generate ESB ItemName:,Staff of Amana
Generate ESB ItemName:,Staff of Loss
Generate ESB ItemName:,Staff of the Avatar
Generate ESB ItemName:,Staff of the Guilty
Generate ESB ItemName:,Staff of Wisdom
Generate ESB ItemName:,Stake Driver
Generate ESB ItemName:,Star Fist
Generate ESB ItemName:,Starscourge Greatsword
Generate ESB ItemName:,Steel-Wire Torch
Generate ESB ItemName:,Stone Club
Generate ESB ItemName:,Stone Greataxe
Generate ESB ItemName:,Stone Greatsword
Generate ESB ItemName:,Stone Twinblade
Generate ESB ItemName:,Storm Curved Sword
Generate ESB ItemName:,Storm Ruler
Generate ESB ItemName:,Stormhawk Axe
Generate ESB ItemName:,Storyteller's Staff
Generate ESB ItemName:,Straight Sword Hilt
Generate ESB ItemName:,Sun Sword
Generate ESB ItemName:,Sunless Talisman
Generate ESB ItemName:,Sunlight Straight Sword
Generate ESB ItemName:,Sunlight Talisman
Generate ESB ItemName:,Sunset Staff
Generate ESB ItemName:,Sword of Milos
Generate ESB ItemName:,Sword of Night and Flame
Generate ESB ItemName:,Sword of St Trina
Generate ESB ItemName:,Syan's Halberd
Generate ESB ItemName:,Tailbone Short Sword
Generate ESB ItemName:,Tailbone Spear
Generate ESB ItemName:,Talisman
Generate ESB ItemName:,The Izalith Staff
Generate ESB ItemName:,The Moonlight Greatsword
Generate ESB ItemName:,The Scavenger's Curved Sword
Generate ESB ItemName:,Thief Dagger
Generate ESB ItemName:,Thorned Greatsword
Generate ESB ItemName:,Thorolund Talisman
Generate ESB ItemName:,Threaded Cane
Generate ESB ItemName:,Tin Banishment Catalyst
Generate ESB ItemName:,Tin Crystallization Catalyst
Generate ESB ItemName:,Tin Darkmoon Catalyst
Generate ESB ItemName:,Titanite Catch Pole
Generate ESB ItemName:,Tonitrus
Generate ESB ItemName:,Torchpole
Generate ESB ItemName:,Transgressor's Staff
Generate ESB ItemName:,Treespear
Generate ESB ItemName:,Troll Knight's Sword
Generate ESB ItemName:,Troll's Golden Sword
Generate ESB ItemName:,Troll's Hammer
Generate ESB ItemName:,Twin Princes' Greatsword
Generate ESB ItemName:,Twin-Headed Greatbow
Generate ESB ItemName:,Twinblade
Generate ESB ItemName:,Twinned Knight Swords
Generate ESB ItemName:,Uchigatana
Generate ESB ItemName:,Umbral Dagger
Generate ESB ItemName:,Urumi
Generate ESB ItemName:,Valorheart
Generate ESB ItemName:,Varangian Sword
Generate ESB ItemName:,Varré's Bouquet
Generate ESB ItemName:,Velka's Rapier
Generate ESB ItemName:,Velka's Talisman
Generate ESB ItemName:,Venomous Fang
Generate ESB ItemName:,Veteran's Prosthesis
Generate ESB ItemName:,Vordt's Great Hammer
Generate ESB ItemName:,Vulgar Militia Shotel
Generate ESB ItemName:,Vyke's War Spear
Generate ESB ItemName:,Wakizashi
Generate ESB ItemName:,Warden Twinblades
Generate ESB ItemName:,Warhawk's Talon
Generate ESB ItemName:,Warped Axe
Generate ESB ItemName:,Warped Sword
Generate ESB ItemName:,Warpick
Generate ESB ItemName:,Washing pole
Generate ESB ItemName:,Watchdog's Greatsword
Generate ESB ItemName:,Watchdog's Staff
Generate ESB ItemName:,Watcher Greatsword
Generate ESB ItemName:,Weathered Straight Sword
Generate ESB ItemName:,Whip
Generate ESB ItemName:,Whirligig Saw
Generate ESB ItemName:,White Birch Bow
Generate ESB ItemName:,White Hair Talisman
Generate ESB ItemName:,Wing of Astel
Generate ESB ItemName:,Winged Greathorn
Generate ESB ItemName:,Winged Knight Halberd
Generate ESB ItemName:,Winged Knight Twinaxes
Generate ESB ItemName:,Winged Scythe
Generate ESB ItemName:,Winged Spear
Generate ESB ItemName:,Witch's Locks
Generate ESB ItemName:,Witchtree Bellvine
Generate ESB ItemName:,Witchtree Branch
Generate ESB ItemName:,Wolf Knight's Greatsword
Generate ESB ItemName:,Wolnir's holy Sword
Generate ESB ItemName:,Work Hook
Generate ESB ItemName:,Wrathful Axe
Generate ESB ItemName:,Yellow Quartz Longsword
Generate ESB ItemName:,Yhorm's Great Machete
Generate ESB ItemName:,Yorgh's Spear
Generate ESB ItemName:,Yorshka's Chime
Generate ESB ItemName:,Yorshka's Spear
Generate ESB ItemName:,Zweihander
Generate ESB ItemName:,Alberich's robe
Generate ESB ItemName:,ALBINAURIC MASK
Generate ESB ItemName:,All-Knowing Helm
Generate ESB ItemName:,Alonne Captain Armor
Generate ESB ItemName:,Alva Armor
Generate ESB ItemName:,Ancient King's Breastplate
Generate ESB ItemName:,Antiquated Dress
Generate ESB ItemName:,Archdeacon White Crown
Generate ESB ItemName:,Archdrake Robes
Generate ESB ItemName:,Arianna's Shoes
Generate ESB ItemName:,Aristocrat Garb
Generate ESB ItemName:,Aristocrat's Mask
Generate ESB ItemName:,Armor of Artorias
Generate ESB ItemName:,Armor of Aurous
Generate ESB ItemName:,Armor of the Forlorn
Generate ESB ItemName:,Armor of the Glorious
Generate ESB ItemName:,Armor of the Sun
Generate ESB ItemName:,Armor of Thorns
Generate ESB ItemName:,Ashen Hunter Garb
Generate ESB ItemName:,Ashen Hunter Gloves
Generate ESB ItemName:,Assassin Armor
Generate ESB ItemName:,Astrologer Robe
Generate ESB ItemName:,Astrologist's Robe
Generate ESB ItemName:,Azur's Manchettes
Generate ESB ItemName:,Bandit Armor
Generate ESB ItemName:,Bandit Mask
Generate ESB ItemName:,Banished Knight Armor
Generate ESB ItemName:,Battlemage Robe
Generate ESB ItemName:,Beak Mask
Generate ESB ItemName:,Beast Champion Gauntlets
Generate ESB ItemName:,Beast Hide Garb
Generate ESB ItemName:,Bell Keeper Bellyband
Generate ESB ItemName:,Benhart's Armor
Generate ESB ItemName:,Big Hat
Generate ESB ItemName:,Billed Mask
Generate ESB ItemName:,Black Church Garb
Generate ESB ItemName:,Black Cleric Robe
Generate ESB ItemName:,Black Dragon Armor
Generate ESB ItemName:,Black Dress
Generate ESB ItemName:,Black Hand Armor
Generate ESB ItemName:,Black Hollow Mage Robe
Generate ESB ItemName:,Black Hood
Generate ESB ItemName:,Black Hooded Iron Helm
Generate ESB ItemName:,Black Iron Armor
Generate ESB ItemName:,Black Knife Armor
Generate ESB ItemName:,Black Knight Armor
Generate ESB ItemName:,Black Leather Armor
Generate ESB ItemName:,Black Robes
Generate ESB ItemName:,Black Sorcerer Cloak
Generate ESB ItemName:,Black Witch Robe
Generate ESB ItemName:,Black Wolf Mask
Generate ESB ItemName:,Blackflame Monk Greaves
Generate ESB ItemName:,Blaidd's Armor
Generate ESB ItemName:,Blindfold Cap
Generate ESB ItemName:,Bloodhound Knight Armor
Generate ESB ItemName:,Bloodied Arm Bands
Generate ESB ItemName:,Bloodsoaked Mask
Generate ESB ItemName:,Bloodsoaked Tabard
Generate ESB ItemName:,Blue Cloth Vest
Generate ESB ItemName:,Blue Festive Hood
Generate ESB ItemName:,Blue Silver Mail Armor
Generate ESB ItemName:,Bone Ash Armor
Generate ESB ItemName:,Bone Ash Hat
Generate ESB ItemName:,Bone Ash Mask
Generate ESB ItemName:,Bone Crown
Generate ESB ItemName:,Bone King Robe
Generate ESB ItemName:,Brador's Testimony
Generate ESB ItemName:,Brass Armor
Generate ESB ItemName:,Briar Armor
Generate ESB ItemName:,Brigand Armor
Generate ESB ItemName:,Brigand Gauntlets
Generate ESB ItemName:,Bull-Goat Helm
Generate ESB ItemName:,Butcher Garb
Generate ESB ItemName:,Butcher Mask
Generate ESB ItemName:,Cainhurst Armor
Generate ESB ItemName:,Cainhurst Helmet
Generate ESB ItemName:,Carian Knight Armor
Generate ESB ItemName:,Carim Helm
Generate ESB ItemName:,Catarina Armor
Generate ESB ItemName:,Cathedral Knight Armor
Generate ESB ItemName:,Chain Armor
Generate ESB ItemName:,Chain-Draped Tabard
Generate ESB ItemName:,Champion Pauldron
Generate ESB ItemName:,Chaos Robe
Generate ESB ItemName:,Charred Hunter Garb
Generate ESB ItemName:,Chester's Long Coat
Generate ESB ItemName:,Choir Garb
Generate ESB ItemName:,Cleanrot Armor
Generate ESB ItemName:,Cleric Armor
Generate ESB ItemName:,Cleric Blue Robe
Generate ESB ItemName:,Commoner's Garb
Generate ESB ItemName:,Confessor Set
Generate ESB ItemName:,Conjurator Robe
Generate ESB ItemName:,Consort's Mask
Generate ESB ItemName:,Constable's Garb
Generate ESB ItemName:,Cornyx's Garb
Generate ESB ItemName:,Court Sorcerer Robe
Generate ESB ItemName:,Creighton's Chainmail
Generate ESB ItemName:,Crimson Robe
Generate ESB ItemName:,Crowfeather Garb
Generate ESB ItemName:,Crown of Dusk
Generate ESB ItemName:,Crown of Illusions
Generate ESB ItemName:,Crown of the Dark Sun
Generate ESB ItemName:,Crucible Axe Armor
Generate ESB ItemName:,Crystalline Armor
Generate ESB ItemName:,Cuckoo Knight Armor
Generate ESB ItemName:,Cuckoo Surcoat
Generate ESB ItemName:,Dancer's Armor
Generate ESB ItemName:,Dark Armor
Generate ESB ItemName:,Dark Mask
Generate ESB ItemName:,Dark Silver Armor
Generate ESB ItemName:,Deacon Robe
Generate ESB ItemName:,Decorative Old Hunter Garb
Generate ESB ItemName:,Depraved Perfumer Robe
Generate ESB ItemName:,Desert Sorceress Top
Generate ESB ItemName:,Deserter Armor
Generate ESB ItemName:,Dingy Robe
Generate ESB ItemName:,Doll Clothes
Generate ESB ItemName:,Doll Hat
Generate ESB ItemName:,Doll Skirt
Generate ESB ItemName:,Dragon Acolyte Mask
Generate ESB ItemName:,Dragonrider Armor
Generate ESB ItemName:,Dragonscale Armor
Generate ESB ItemName:,Dragonslayer Armor
Generate ESB ItemName:,Drake Knight Armor
Generate ESB ItemName:,Drakeblood Armor
Generate ESB ItemName:,Drakekeeper Helm
Generate ESB ItemName:,Drang Armor
Generate ESB ItemName:,Drummonds Helm
Generate ESB ItemName:,Eastern Armor
Generate ESB ItemName:,Eccentric's Hood
Generate ESB ItemName:,Elden Lord Crown
Generate ESB ItemName:,Elite Knight Armor
Generate ESB ItemName:,Embraced Armor of Favor
Generate ESB ItemName:,Enlarged Head
Generate ESB ItemName:,Erdtree Surcoat
Generate ESB ItemName:,Errant Sorcerer Robe
Generate ESB ItemName:,Evangelist Robe
Generate ESB ItemName:,Executioner Armor
Generate ESB ItemName:,Executioner Garb
Generate ESB ItemName:,Executioner Gauntlets
Generate ESB ItemName:,Exile Gauntlets
Generate ESB ItemName:,Exile Mask
Generate ESB ItemName:,Falconer Gloves
Generate ESB ItemName:,Fallen Knight Armor
Generate ESB ItemName:,Faraam Armor
Generate ESB ItemName:,Faraam Gauntlets
Generate ESB ItemName:,Fia's Robe
Generate ESB ItemName:,Finger Maiden Shoes
Generate ESB ItemName:,Fingerprint Armor
Generate ESB ItemName:,Fire Keeper Robe
Generate ESB ItemName:,Fire Monk Armor
Generate ESB ItemName:,Fire Prelate Helm
Generate ESB ItemName:,Fire Witch Gauntlets
Generate ESB ItemName:,Firelink Armor
Generate ESB ItemName:,Foot Soldier Greaves
Generate ESB ItemName:,Foot Soldier Tabard
Generate ESB ItemName:,Foreign Garb
Generate ESB ItemName:,Fur Raiment
Generate ESB ItemName:,Gascoigne's Cap
Generate ESB ItemName:,Gascoigne's Garb
Generate ESB ItemName:,Gauntlets of Favor
Generate ESB ItemName:,Gauntlets of the Vanquisher
Generate ESB ItemName:,Gauntlets of Thorns
Generate ESB ItemName:,Gehrman's Hunter Cap
Generate ESB ItemName:,Gehrman's Hunter Garb
Generate ESB ItemName:,Gelmir Knight Armor
Generate ESB ItemName:,Giant Armor
Generate ESB ItemName:,Gilded Foot Soldier Cap
Generate ESB ItemName:,Gloom Armor
Generate ESB ItemName:,Godrick Knight Armor
Generate ESB ItemName:,Godskin Apostle Robe
Generate ESB ItemName:,Godskin Noble Hood
Generate ESB ItemName:,Gold Ardeo
Generate ESB ItemName:,Gold-Hemmed Black Cloak
Generate ESB ItemName:,Goldmask's Rags
Generate ESB ItemName:,Golem Armor
Generate ESB ItemName:,Gough's Armor
Generate ESB ItemName:,Grave Warden Robe
Generate ESB ItemName:,Grave Warden Top
Generate ESB ItemName:,Graveguard Mask
Generate ESB ItemName:,Graveguard Robe
Generate ESB ItemName:,Gravekeeper Cloak
Generate ESB ItemName:,Great Horned Headband
Generate ESB ItemName:,Grey Wolf Cap
Generate ESB ItemName:,Guardian Armor
Generate ESB ItemName:,Guardian Bracers
Generate ESB ItemName:,Guilty Hood
Generate ESB ItemName:,Gundyr's Armor
Generate ESB ItemName:,Gyrm Armor
Generate ESB ItemName:,Haima Glintstone Crown
Generate ESB ItemName:,Haligtree Gauntlets
Generate ESB ItemName:,Haligtree Knight Armor
Generate ESB ItemName:,Haligtree Knight Helm
Generate ESB ItemName:,Hard Leather Armor
Generate ESB ItemName:,Harrowed Garb
Generate ESB ItemName:,Havel's Armor
Generate ESB ItemName:,Havel's Gauntlets
Generate ESB ItemName:,Heavy Boots
Generate ESB ItemName:,Heide Knight Chainmail
Generate ESB ItemName:,Henryk's Hunter Cap
Generate ESB ItemName:,Henryk's Hunter Garb
Generate ESB ItemName:,Herald Armor
Generate ESB ItemName:,Hexer's Robes
Generate ESB ItemName:,Hierodas Glintstone Crown
Generate ESB ItemName:,High Page Hood
Generate ESB ItemName:,Highwayman Cloth Armor
Generate ESB ItemName:,Hollow Infantry Armor
Generate ESB ItemName:,Hollow Soldier Armor
Generate ESB ItemName:,Hollow Thief's Leather Armor
Generate ESB ItemName:,Hollow Warrior Armor
Generate ESB ItemName:,Holy Robe
Generate ESB ItemName:,Hoslow's Armor
Generate ESB ItemName:,Hoslow's Helm
Generate ESB ItemName:,Hunter Garb
Generate ESB ItemName:,Hunter Hat
Generate ESB ItemName:,Imperious Armor
Generate ESB ItemName:,Insolent Armor
Generate ESB ItemName:,Iron Kasa
Generate ESB ItemName:,Ironclad Armor
Generate ESB ItemName:,Jailer Robe
Generate ESB ItemName:,Jester's Robes
Generate ESB ItemName:,Juvenile Scholar Robe
Generate ESB ItemName:,Kaiden Armor
Generate ESB ItemName:,Karla's Coat
Generate ESB ItemName:,Karolos Glintstone Crown
Generate ESB ItemName:,Khaki Haori
Generate ESB ItemName:,King's Armor
Generate ESB ItemName:,Knight Armor
Generate ESB ItemName:,Knight's Garb
Generate ESB ItemName:,Knight's Wig
Generate ESB ItemName:,Land of Reeds Armor
Generate ESB ItemName:,Lazuli Glintstone Crown
Generate ESB ItemName:,Lazuli Robe
Generate ESB ItemName:,Leather Armor
Generate ESB ItemName:,Leonhard's Garb
Generate ESB ItemName:,Leydia Black Robe
Generate ESB ItemName:,Leydia White Robe
Generate ESB ItemName:,Leyndell Knight Armor
Generate ESB ItemName:,Lion Mage Skirt
Generate ESB ItemName:,Lion Warrior Cape
Generate ESB ItemName:,Lion Warrior Cuffs
Generate ESB ItemName:,Lionel's Armor
Generate ESB ItemName:,Llewellyn Armor
Generate ESB ItemName:,Looking Glass Armor
Generate ESB ItemName:,Lord's Blade Robe
Generate ESB ItemName:,Lorian's Armor
Generate ESB ItemName:,Lorian's Helm
Generate ESB ItemName:,Lothric Knight Armor
Generate ESB ItemName:,Lucatiel's Gloves
Generate ESB ItemName:,Lucatiel's Mask
Generate ESB ItemName:,Lusat's Glintstone Crown
Generate ESB ItemName:,Lusat's Robe
Generate ESB ItemName:,Mad Warrior Armor
Generate ESB ItemName:,Madman Garb
Generate ESB ItemName:,Madman Hood
Generate ESB ItemName:,Maiden Robe
Generate ESB ItemName:,Malenia's Armor
Generate ESB ItemName:,Malenia's Winged Helm
Generate ESB ItemName:,Malformed Dragon Armor
Generate ESB ItemName:,Maliketh's Gauntlets
Generate ESB ItemName:,Manikin Mask
Generate ESB ItemName:,Marais Mask
Generate ESB ItemName:,Marais Robe
Generate ESB ItemName:,Maria Hunter Garb
Generate ESB ItemName:,Marionette Soldier Helm
Generate ESB ItemName:,Mask of the Sealer
Generate ESB ItemName:,Master's Attire
Generate ESB ItemName:,Master's Iron Helm
Generate ESB ItemName:,Mausoleum Knight Armor
Generate ESB ItemName:,Mausoleum Surcoat
Generate ESB ItemName:,Mensis Cage
Generate ESB ItemName:,Mirrah Chain Mail
Generate ESB ItemName:,Mirrah Vest
Generate ESB ItemName:,Monastery Long Gloves
Generate ESB ItemName:,Moon Butterfly Wings
Generate ESB ItemName:,Moonlight Robe
Generate ESB ItemName:,Morne's Armor
Generate ESB ItemName:,Mushroom Body
Generate ESB ItemName:,Nahr Alma Robes
Generate ESB ItemName:,Nameless Knight Armor
Generate ESB ItemName:,Navy Hood
Generate ESB ItemName:,Night Maiden Twin Crown
Generate ESB ItemName:,Night's Cavalry Armor
Generate ESB ItemName:,Noble Dress
Generate ESB ItemName:,Noble's Traveling Garb
Generate ESB ItemName:,Nomadic Merchant's Finery
Generate ESB ItemName:,Northern Armor
Generate ESB ItemName:,Nox Monk Armor
Generate ESB ItemName:,Nox Swordstress Crown
Generate ESB ItemName:,Official's Attire
Generate ESB ItemName:,Okina Mask
Generate ESB ItemName:,Old Aristocrat Cowl
Generate ESB ItemName:,Old Hunter Garb
Generate ESB ItemName:,Old Hunter Gloves
Generate ESB ItemName:,Old Hunter Top Hat
Generate ESB ItemName:,Old Ironclad Armor
Generate ESB ItemName:,Old Knight Armor
Generate ESB ItemName:,Old Sage's Blindfold
Generate ESB ItemName:,Old Sorcerer Coat
Generate ESB ItemName:,Omen Armor
Generate ESB ItemName:,Omenkiller Robe
Generate ESB ItemName:,Omensmirk Mask
Generate ESB ItemName:,Ornstein's Armor
Generate ESB ItemName:,Ornstein's Helm
Generate ESB ItemName:,Outrider Knight Armor
Generate ESB ItemName:,Page Garb
Generate ESB ItemName:,Painting Guardian Gown
Generate ESB ItemName:,Painting Guardian Robe
Generate ESB ItemName:,Paladin Armor
Generate ESB ItemName:,Pale Shade Robe
Generate ESB ItemName:,Pate's Armor
Generate ESB ItemName:,Peasant Attire
Generate ESB ItemName:,Penal Mask
Generate ESB ItemName:,Penal Straightjacket
Generate ESB ItemName:,Perfumer Robe
Generate ESB ItemName:,Pharis's Hat
Generate ESB ItemName:,Pontiff Knight Crown
Generate ESB ItemName:,Porcelain Mask
Generate ESB ItemName:,Preceptor's Big Hat
Generate ESB ItemName:,Preceptor's Long Gown
Generate ESB ItemName:,Priestess Robe
Generate ESB ItemName:,Prisoner Clothing
Generate ESB ItemName:,Prisoner Iron Mask
Generate ESB ItemName:,Prisoner's Tatters
Generate ESB ItemName:,Prophet Blindfold
Generate ESB ItemName:,Prophet Robe
Generate ESB ItemName:,Pyromancer Garb
Generate ESB ItemName:,Queen's Crescent Crown
Generate ESB ItemName:,Queen's Robe
Generate ESB ItemName:,Radahn's Lion Armor
Generate ESB ItemName:,Radiant Gold Mask
Generate ESB ItemName:,Raging Wolf Armor
Generate ESB ItemName:,Raptor's Black Feathers
Generate ESB ItemName:,Redmane Knight Armor
Generate ESB ItemName:,Redmane Surcoat
Generate ESB ItemName:,Robe of Judgment
Generate ESB ItemName:,Robe of Prayer
Generate ESB ItemName:,Robe of the Channelers
Generate ESB ItemName:,Robe of the Great Lord
Generate ESB ItemName:,Rogue Armor
Generate ESB ItemName:,Ronin's Armor
Generate ESB ItemName:,Rotten Duelist Helm
Generate ESB ItemName:,Rotten Gravekeeper Cloak
Generate ESB ItemName:,Royal Knight Armor
Generate ESB ItemName:,Royal Knight Helm
Generate ESB ItemName:,Royal Remains Armor
Generate ESB ItemName:,Royal Remains Helm
Generate ESB ItemName:,Royal Soldier Armor
Generate ESB ItemName:,Royal Swordsman Armor
Generate ESB ItemName:,Ruin Armor
Generate ESB ItemName:,Ruler's Mask
Generate ESB ItemName:,Rumpled Yharnam Hat
Generate ESB ItemName:,Rusted Mastodon Armor
Generate ESB ItemName:,Sage Robe
Generate ESB ItemName:,Saint's Dress
Generate ESB ItemName:,Sanguine Noble Hood
Generate ESB ItemName:,Sanguine Noble Robe
Generate ESB ItemName:,Sanguine Noble Waistcloth
Generate ESB ItemName:,Scale Armor
Generate ESB ItemName:,Scaled Armor
Generate ESB ItemName:,Scarlet Tabard
Generate ESB ItemName:,Sellsword Armor
Generate ESB ItemName:,Shabby Set
Generate ESB ItemName:,Shadow Garb
Generate ESB ItemName:,Shadow Top
Generate ESB ItemName:,Shaman Furs
Generate ESB ItemName:,Shining Horned Headband
Generate ESB ItemName:,Silver Knight Armor
Generate ESB ItemName:,Silver Mask
Generate ESB ItemName:,Six-Eyed Helm of the Channelers
Generate ESB ItemName:,Skeletal Mask
Generate ESB ItemName:,Smelter Demon Armor
Generate ESB ItemName:,Smough's Armor
Generate ESB ItemName:,Sneering Mask
Generate ESB ItemName:,Snickering Top Hat
Generate ESB ItemName:,Snow Witch Hat
Generate ESB ItemName:,Snow Witch Robe
Generate ESB ItemName:,Sorcerer Cloak
Generate ESB ItemName:,Sorcerer Robe
Generate ESB ItemName:,Spellblade's Pointed Hat
Generate ESB ItemName:,Spellblade's Traveling Attire
Generate ESB ItemName:,Steel Armor
Generate ESB ItemName:,Stone Armor
Generate ESB ItemName:,Student Uniform
Generate ESB ItemName:,Sullied Bandage
Generate ESB ItemName:,Sunless Veil
Generate ESB ItemName:,Sunset Helm
Generate ESB ItemName:,Surgical Long Gloves
Generate ESB ItemName:,Syan's Gauntlets
Generate ESB ItemName:,Targray's Armor
Generate ESB ItemName:,Tattered Cloth Robe
Generate ESB ItemName:,Thief Mask
Generate ESB ItemName:,Throne Defender Armor
Generate ESB ItemName:,Tomb Prospector Garb
Generate ESB ItemName:,Traveler's Clothes
Generate ESB ItemName:,Traveler's Gloves
Generate ESB ItemName:,Traveling Maiden Robe
Generate ESB ItemName:,Traveling Merchant Hat
Generate ESB ItemName:,Tree Sentinel Armor
Generate ESB ItemName:,Tree-and-Beast Surcoat
Generate ESB ItemName:,Tseldora Robe
Generate ESB ItemName:,Twinned Armor
Generate ESB ItemName:,Undead Legion Armor
Generate ESB ItemName:,Upper Classman Uniform
Generate ESB ItemName:,Vagabond Knight Armor
Generate ESB ItemName:,Varangian Armor
Generate ESB ItemName:,Velstadt's Armor
Generate ESB ItemName:,Vengarl's Armor
Generate ESB ItemName:,Veteran's Armor
Generate ESB ItemName:,Wanderer Coat
Generate ESB ItemName:,War Surgeon Gown
Generate ESB ItemName:,Warrior Gauntlets
Generate ESB ItemName:,White Church Garb
Generate ESB ItemName:,White Church Hat
Generate ESB ItemName:,White Hollow Mage Robe
Generate ESB ItemName:,White Mask
Generate ESB ItemName:,White Priest Robe
Generate ESB ItemName:,White Reed Armor
Generate ESB ItemName:,Winged Knight Leggings
Generate ESB ItemName:,Witch Cloak
Generate ESB ItemName:,Witch Hat
Generate ESB ItemName:,Wizard's Clothes
Generate ESB ItemName:,Wolf Knight Armor
Generate ESB ItemName:,Worker Gloves
Generate ESB ItemName:,Xanthous Crown
Generate ESB ItemName:,Xanthous Overcoat
Generate ESB ItemName:,Yahar'gul Black Garb
Generate ESB ItemName:,Yamamura Hunter Hat
Generate ESB ItemName:,Yharnam Hunter Cap
Generate ESB ItemName:,Yharnam Hunter Garb
Generate ESB ItemName:,Zamor Armor
Generate ESB ItemName:,Zamor Mask
Generate ESB ItemName:,Alluring Skull
Generate ESB ItemName:,Amber Herb
Generate ESB ItemName:,Black Firebomb
Generate ESB ItemName:,Bleed Stone
Generate ESB ItemName:,Bleeding Serum
Generate ESB ItemName:,Blessed Gem
Generate ESB ItemName:,Blood Gem
Generate ESB ItemName:,Bloodred Moss Clump
Generate ESB ItemName:,Blooming Purple Moss Clump
Generate ESB ItemName:,Boltstone
Generate ESB ItemName:,Bonfire Ascetic
Generate ESB ItemName:,Brightbug
Generate ESB ItemName:,Budding Green Blossom
Generate ESB ItemName:,Carthus Rouge
Generate ESB ItemName:,Chaos Gem
Generate ESB ItemName:,Charcoal Pine Resin
Generate ESB ItemName:,Church Guardian Shiv
Generate ESB ItemName:,Common Fruit
Generate ESB ItemName:,Corrosive Urn
Generate ESB ItemName:,Crimson Water
Generate ESB ItemName:,Crushed Eye Orb
Generate ESB ItemName:,Crystal Ember
Generate ESB ItemName:,Crystal Gem
Generate ESB ItemName:,Dark Arrow
Generate ESB ItemName:,Dark Ember
Generate ESB ItemName:,Dark Gem
Generate ESB ItemName:,Dark Troches
Generate ESB ItemName:,Darknight Stone
Generate ESB ItemName:,Deep Gem
Generate ESB ItemName:,Destructive Greatarrow
Generate ESB ItemName:,Divine Blessing
Generate ESB ItemName:,Divine Ember
Generate ESB ItemName:,Divine Spear Fragment
Generate ESB ItemName:,Dragon Charm
Generate ESB ItemName:,Dragon Scale
Generate ESB ItemName:,Dragonslayer Arrow
Generate ESB ItemName:,Dragonslayer Greatarrow
Generate ESB ItemName:,Dragonslayer Lightning Arrow
Generate ESB ItemName:,Dried Root
Generate ESB ItemName:,Duel Charm
Generate ESB ItemName:,Dung Pie
Generate ESB ItemName:,Egg Vermifuge
Generate ESB ItemName:,Elizabeth Mushroom
Generate ESB ItemName:,Elizabeth's Mushroom
Generate ESB ItemName:,Enchanted Ember
Generate ESB ItemName:,Estus Flask
Generate ESB ItemName:,Estus Flask Shard
Generate ESB ItemName:,Exploding Bolt
Generate ESB ItemName:,Faint Stone
Generate ESB ItemName:,Feather Arrow
Generate ESB ItemName:,Fire Arrow
Generate ESB ItemName:,Fire Gem
Generate ESB ItemName:,Fire Greatarrow
Generate ESB ItemName:,Fire Keeper Soul
Generate ESB ItemName:,Fire Seed
Generate ESB ItemName:,Firebomb
Generate ESB ItemName:,Firedrake Stone
Generate ESB ItemName:,Flame Butterfly
Generate ESB ItemName:,Fragrant Branch of Yore
Generate ESB ItemName:,Gold Pine Resin
Generate ESB ItemName:,Gough's Great Arrow
Generate ESB ItemName:,Green Blossom
Generate ESB ItemName:,Heavy Bolt
Generate ESB ItemName:,Heavy Gem
Generate ESB ItemName:,Hexing Urn
Generate ESB ItemName:,Hidden Blessing
Generate ESB ItemName:,Hollow Gem
Generate ESB ItemName:,Holy Water Urn
Generate ESB ItemName:,Homeward Bone
Generate ESB ItemName:,Human Effigy
Generate ESB ItemName:,Human Pine Resin
Generate ESB ItemName:,Humanity
Generate ESB ItemName:,Iron Greatarrow
Generate ESB ItemName:,Kukri
Generate ESB ItemName:,Lacerating Knife
Generate ESB ItemName:,Large Arrow
Generate ESB ItemName:,Large Divine Ember
Generate ESB ItemName:,Large Ember
Generate ESB ItemName:,Large Flame Ember
Generate ESB ItemName:,Large Magic Ember
Generate ESB ItemName:,Large Titanite Shard
Generate ESB ItemName:,Lifegem
Generate ESB ItemName:,Lightning Bolt
Generate ESB ItemName:,Lightning Gem
Generate ESB ItemName:,Lightning Greatarrow
Generate ESB ItemName:,Lightning Urn
Generate ESB ItemName:,Lloyd's Talisman
Generate ESB ItemName:,Magic Arrow
Generate ESB ItemName:,Magic Bolt
Generate ESB ItemName:,Magic Stone
Generate ESB ItemName:,Millwood Greatarrow
Generate ESB ItemName:,Monastery Charm
Generate ESB ItemName:,Moonlight Arrow
Generate ESB ItemName:,Mossfruit
Generate ESB ItemName:,Old Growth Balm
Generate ESB ItemName:,Old Mundane Stone
Generate ESB ItemName:,Old Radiant Lifegem
Generate ESB ItemName:,Onislayer Greatarrow
Generate ESB ItemName:,Pale Pine Resin
Generate ESB ItemName:,Palestone
Generate ESB ItemName:,Petrified Dragon Bone
Generate ESB ItemName:,Petrified Something
Generate ESB ItemName:,Pharros' Lockstone
Generate ESB ItemName:,Poison Arrow
Generate ESB ItemName:,Poison Gem
Generate ESB ItemName:,Poison Moss
Generate ESB ItemName:,Poison Stone
Generate ESB ItemName:,Poison Throwing Knife
Generate ESB ItemName:,Prism Stone
Generate ESB ItemName:,Purging Stone
Generate ESB ItemName:,Purple Moss Clump
Generate ESB ItemName:,Radiant Lifegem
Generate ESB ItemName:,Raw Gem
Generate ESB ItemName:,Refined Gem
Generate ESB ItemName:,Repair Powder
Generate ESB ItemName:,Ritual Spear Fragment
Generate ESB ItemName:,Rotten Pine Resin
Generate ESB ItemName:,Rouge Water
Generate ESB ItemName:,Rusted Coin
Generate ESB ItemName:,
Generate ESB ItemName:,Rusted Silver Coin
Generate ESB ItemName:,Rusted Gold Coin
Generate ESB ItemName:,Seed of a Tree of Giants
Generate ESB ItemName:,Sharp Gem
Generate ESB ItemName:,Shriving Stone
Generate ESB ItemName:,Siegbräu
Generate ESB ItemName:,Silver Talisman
Generate ESB ItemName:,Simple Gem
Generate ESB ItemName:,Skeptic's Spice
Generate ESB ItemName:,Small Blue Burr
Generate ESB ItemName:,Small Smooth & Silky Stone
Generate ESB ItemName:,Smelter Wedge
Generate ESB ItemName:,Smooth & Silky Stone
Generate ESB ItemName:,Sniper Bolt
Generate ESB ItemName:,Soul Vessel
Generate ESB ItemName:,Splintering Bolt
Generate ESB ItemName:,Stalk Dung Pie
Generate ESB ItemName:,Standard Arrow
Generate ESB ItemName:,Standard Bolt
Generate ESB ItemName:,Sublime Bone Dust
Generate ESB ItemName:,Throwing Knife
Generate ESB ItemName:,Titanite Chunk
Generate ESB ItemName:,Titanite Scale
Generate ESB ItemName:,Transient Curse
Generate ESB ItemName:,Transposing Kiln
Generate ESB ItemName:,Triclops Snake Troches
Generate ESB ItemName:,Twilight Herb
Generate ESB ItemName:,Twin Humanities
Generate ESB ItemName:,Twinkling Titanite
Generate ESB ItemName:,Undead Hunter Charm
Generate ESB ItemName:,Very Large Ember
Generate ESB ItemName:,Wilted Dusk Herb
Generate ESB ItemName:,Witching Urn
Generate ESB ItemName:,Wood Bolt
Generate ESB ItemName:,Wooden Arrow
Generate ESB ItemName:,Young White Branch
Generate ESB ItemName:,A Call Beyond
Generate ESB ItemName:,Abyss Seal
Generate ESB ItemName:,Accursed Brew
Generate ESB ItemName:,Agape Ring
Generate ESB ItemName:,Aged Feather
Generate ESB ItemName:,Aldrich's Ruby
Generate ESB ItemName:,Aldrich's Sapphire
Generate ESB ItemName:,Ancient Dragon Seal
Generate ESB ItemName:,Anti-Clockwise Metamorphosis
Generate ESB ItemName:,Antidote
Generate ESB ItemName:,Arcane Haze
Generate ESB ItemName:,Arcane Lake Rune
Generate ESB ItemName:,Armor Smithbox
Generate ESB ItemName:,Ash Knuckle Ring
Generate ESB ItemName:,Ashen Estus Ring
Generate ESB ItemName:,Astral Clocktower Key
Generate ESB ItemName:,Augur of Ebrietas
Generate ESB ItemName:,Avolina's Doll
Generate ESB ItemName:,Balcony Key
Generate ESB ItemName:,Balder Shield
Generate ESB ItemName:,Baneful Bird Ring
Generate ESB ItemName:,Basin of Vows
Generate ESB ItemName:,Bastard of Loran
Generate ESB ItemName:,Beast Blood Pellet
Generate ESB ItemName:,Beast Roar
Generate ESB ItemName:,Beast Rune
Generate ESB ItemName:,Beast's Embrace Rune
Generate ESB ItemName:,Beasthunter's Damp Blood Gem
Generate ESB ItemName:,Bellowing Dragoncrest Ring
Generate ESB ItemName:,Binoculars
Generate ESB ItemName:,Black Eye Orb
Generate ESB ItemName:,Black Iron Greatshield
Generate ESB ItemName:,Black Knight Shield
Generate ESB ItemName:,Blacksky Eye
Generate ESB ItemName:,Blood Dreg
Generate ESB ItemName:,Blood Gem Workshop
Generate ESB ItemName:,Blood Gem Workshop Tool
Generate ESB ItemName:,Blood Of Adella
Generate ESB ItemName:,Blood of Arianna
Generate ESB ItemName:,Blood of the Soul
Generate ESB ItemName:,Blood Rapture Rune
Generate ESB ItemName:,Blood Stone Shard
Generate ESB ItemName:,Blood Vial
Generate ESB ItemName:,Bloodbite Ring
Generate ESB ItemName:,Bloodshield
Generate ESB ItemName:,Bloodshot Eyeball
Generate ESB ItemName:,Blooming Coldblood Flower
Generate ESB ItemName:,Blue Elixir
Generate ESB ItemName:,Blue Seal
Generate ESB ItemName:,Blue Tearstone Ring
Generate ESB ItemName:,Bold Hunter's Mark
Generate ESB ItemName:,Bolt Paper
Generate ESB ItemName:,Bone Marrow Ash
Generate ESB ItemName:,Bonewheel Shield
Generate ESB ItemName:,Book of the Guilty
Generate ESB ItemName:,Bottomless Box
Generate ESB ItemName:,Bracing Knuckle Ring
Generate ESB ItemName:,Braille Divine Tome of Carim
Generate ESB ItemName:,Braille Divine Tome of Lothric
Generate ESB ItemName:,Broken Trinket
Generate ESB ItemName:,Buckler
Generate ESB ItemName:,Caduceus Kite Shield
Generate ESB ItemName:,Caduceus Round Shield
Generate ESB ItemName:,Cainhurst Badge
Generate ESB ItemName:,Cainhurst Summons
Generate ESB ItemName:,Calamity Ring
Generate ESB ItemName:,Carthus Bloodring
Generate ESB ItemName:,Carthus Milkring
Generate ESB ItemName:,Carthus Pyromancy Tome
Generate ESB ItemName:,Cat Covenant Ring
Generate ESB ItemName:,Celestial Dial
Generate ESB ItemName:,Chillbite Ring
Generate ESB ItemName:,Chloranthy Ring
Generate ESB ItemName:,Choir Bell
Generate ESB ItemName:,Clawmark Rune
Generate ESB ItemName:,Cleansing Greatshield
Generate ESB ItemName:,Clear Bluestone Ring
Generate ESB ItemName:,Clear Deep Sea Rune
Generate ESB ItemName:,Clockwise Metamorphosis Rune
Generate ESB ItemName:,Cloranthy Ring
Generate ESB ItemName:,Cold Blood Gemstone
Generate ESB ItemName:,Coldblood Dew
Generate ESB ItemName:,Coldblood Flower Bulb
Generate ESB ItemName:,Coldblood Flowerbud
Generate ESB ItemName:,Communion Rune
Generate ESB ItemName:,Copper Coin
Generate ESB ItemName:,Corruption Rune
Generate ESB ItemName:,Cosmic Eye Watcher Badge
Generate ESB ItemName:,Covenant of Artorias
Generate ESB ItemName:,Covetous Gold Serpent Ring
Generate ESB ItemName:,Covetous Silver Serpent Ring
Generate ESB ItemName:,Cracked Round Shield
Generate ESB ItemName:,Crest of Blood
Generate ESB ItemName:,Crest of the Rat
Generate ESB ItemName:,Crest Shield
Generate ESB ItemName:,Crow Hunter
Generate ESB ItemName:,Crystal Ring Shield
Generate ESB ItemName:,Crystal Scroll
Generate ESB ItemName:,Crystal Shield
Generate ESB ItemName:,Cursebite Ring
Generate ESB ItemName:,Cursed Fire Blood Gemstone
Generate ESB ItemName:,Cursed Tempering Blood Gemstone
Generate ESB ItemName:,Dark Clutch Ring
Generate ESB ItemName:,Dark Quartz Ring
Generate ESB ItemName:,Dark Sigil
Generate ESB ItemName:,Dark Wood Grain Ring
Generate ESB ItemName:,Darkmoon Blade Covenant Ring
Generate ESB ItemName:,Darkmoon Ring
Generate ESB ItemName:,Darkmoon Seance Ring
Generate ESB ItemName:,Darksign
Generate ESB ItemName:,Deep Braille Divine Tome
Generate ESB ItemName:,Deep Ring
Generate ESB ItemName:,Deep Sea Rune
Generate ESB ItemName:,Delayed Molotov
Generate ESB ItemName:,Delayed Rope Molotov
Generate ESB ItemName:,Delicate String
Generate ESB ItemName:,Dexterity Ring
Generate ESB ItemName:,Dirty Damp Blood Gem
Generate ESB ItemName:,Diry Blood Gemstone
Generate ESB ItemName:,Dispelling Ring
Generate ESB ItemName:,Dissipating Lake Rune
Generate ESB ItemName:,Dragon Crest Shield
Generate ESB ItemName:,Dragon Eye
Generate ESB ItemName:,Dragon Head Stone
Generate ESB ItemName:,Dragon Ring
Generate ESB ItemName:,Dragon Torso Stone
Generate ESB ItemName:,Dragonscale Ring
Generate ESB ItemName:,Dried Clathrus Archeri
Generate ESB ItemName:,Dried Finger
Generate ESB ItemName:,Dusk Crown Ring
Generate ESB ItemName:,Eagle Shield
Generate ESB ItemName:,East Wood Grain Ring
Generate ESB ItemName:,East-West Shield
Generate ESB ItemName:,Effigy Shield
Generate ESB ItemName:,Empty Phantasm Shell
Generate ESB ItemName:,Estus Ring
Generate ESB ItemName:,Executioner's Gloves
Generate ESB ItemName:,Eye Of Death
Generate ESB ItemName:,Eye Pendant
Generate ESB ItemName:,Eye Rune
Generate ESB ItemName:,Eyes of a Fire Keeper
Generate ESB ItemName:,Fading Lake Rune
Generate ESB ItemName:,Fire Paper
Generate ESB ItemName:,Firing Hammer Badge
Generate ESB ItemName:,Flame Quartz Ring
Generate ESB ItemName:,Flame Stoneplate Ring
Generate ESB ItemName:,Flynn's Ring
Generate ESB ItemName:,Fool's Blood Gemstone
Generate ESB ItemName:,Formless Oedon Rune
Generate ESB ItemName:,Frenzied Coldblood
Generate ESB ItemName:,Gargoyle's Shield
Generate ESB ItemName:,Giant Shield
Generate ESB ItemName:,Gold Blood Gem
Generate ESB ItemName:,Gold Coin
Generate ESB ItemName:,Gold Pendant
Generate ESB ItemName:,Golden Scroll
Generate ESB ItemName:,Gower's Ring of Protection
Generate ESB ItemName:,Grass Crest Shield
Generate ESB ItemName:,Grave Warden Pyromancy Tome
Generate ESB ItemName:,Great Deep Sea Rune
Generate ESB ItemName:,Great One Coldblood
Generate ESB ItemName:,Great One's Wisdom
Generate ESB ItemName:,Great Swamp Pyromancy Tome
Generate ESB ItemName:,Great Swamp Ring
Generate ESB ItemName:,Greatshield of Artorias
Generate ESB ItemName:,Guardian's Seal
Generate ESB ItemName:,Guidance Rune
Generate ESB ItemName:,Hand Lantern
Generate ESB ItemName:,Havel's Greatshield
Generate ESB ItemName:,Havel's Ring
Generate ESB ItemName:,Hawk Ring
Generate ESB ItemName:,Hawkwood's Swordgrass
Generate ESB ItemName:,Heater Shield
Generate ESB ItemName:,Heir Rune
Generate ESB ItemName:,Hollow Soldier Shield
Generate ESB ItemName:,Hornet Ring
Generate ESB ItemName:,Horsehoof Ring
Generate ESB ItemName:,Hunter Chief Emblem
Generate ESB ItemName:,Hunter Rune
Generate ESB ItemName:,Hunter's Ring
Generate ESB ItemName:,Illusory Ring of a Conqueror
Generate ESB ItemName:,Illusory Ring of the Exalted
Generate ESB ItemName:,Illusory Ring of the Vengeful
Generate ESB ItemName:,Impurity Rune
Generate ESB ItemName:,Indictment
Generate ESB ItemName:,Inflicted Organ
Generate ESB ItemName:,Iosefka's Blood Vial
Generate ESB ItemName:,Iron Door Key
Generate ESB ItemName:,Iron Round Shield
Generate ESB ItemName:,Ivory Warrior Ring
Generate ESB ItemName:,Izalith Pyromancy Tome
Generate ESB ItemName:,Key to the cell below the Grand Cathedral.
Generate ESB ItemName:,Key to the inner chamber of the cell below the Grand Cathedral.
Generate ESB ItemName:,Kin Coldblood
Generate ESB ItemName:,King's Ring
Generate ESB ItemName:,Knight Shield
Generate ESB ItemName:,Knight Slayer's Ring
Generate ESB ItemName:,Knight's Ring
Generate ESB ItemName:,Lake Rune
Generate ESB ItemName:,Large Blood Stone Shard
Generate ESB ItemName:,Large Leather Shield
Generate ESB ItemName:,Laurence's Skull
Generate ESB ItemName:,Lead Elixir
Generate ESB ItemName:,Leather Shield
Generate ESB ItemName:,Lecture Theatre Key
Generate ESB ItemName:,Left Eye
Generate ESB ItemName:,Leo Ring
Generate ESB ItemName:,Life Ring
Generate ESB ItemName:,Lightning Clutch Ring
Generate ESB ItemName:,Lingering Dragoncrest Ring
Generate ESB ItemName:,Living String
Generate ESB ItemName:,Lloyd's Shield Ring
Generate ESB ItemName:,Lloyd's Sword Ring
Generate ESB ItemName:,Logan's Scroll
Generate ESB ItemName:,Londor Braille Divine Tome
Generate ESB ItemName:,Lordvessel
Generate ESB ItemName:,Loretta's Bone
Generate ESB ItemName:,Lunarium Key
Generate ESB ItemName:,Madaras Whistle
Generate ESB ItemName:,Madman's Knowledge
Generate ESB ItemName:,Master Key
Generate ESB ItemName:,Messenger's Gift
Generate ESB ItemName:,Milkweed Rune
Generate ESB ItemName:,Monocular
Generate ESB ItemName:,Moon Rune
Generate ESB ItemName:,Morne's Ring
Generate ESB ItemName:,Murky Blood Gemstone
Generate ESB ItemName:,Name-engraved Ring
Generate ESB ItemName:,Northern Ritual Band
Generate ESB ItemName:,Notebook
Generate ESB ItemName:,Obscuring Ring
Generate ESB ItemName:,Oedon Tomb Key
Generate ESB ItemName:,Oedon Writhe Rune
Generate ESB ItemName:,Old Hunter Badge
Generate ESB ItemName:,Old Hunter Bell
Generate ESB ItemName:,Old Hunter Bone
Generate ESB ItemName:,Old Leo Ring
Generate ESB ItemName:,Old Sun Ring
Generate ESB ItemName:,Old Witch Ring
Generate ESB ItemName:,One Third of Umbilical Cord
Generate ESB ItemName:,Orange Charred Ring
Generate ESB ItemName:,Pearl Slug
Generate ESB ItemName:,Pendant
Generate ESB ItemName:,Petrified Egg
Generate ESB ItemName:,Pierce Shield
Generate ESB ItemName:,Plank Shield
Generate ESB ItemName:,Poisonbite Ring
Generate ESB ItemName:,Powder Keg Hunter Badge
Generate ESB ItemName:,Prisoner's Chain
Generate ESB ItemName:,Purple Coward's Crystal
Generate ESB ItemName:,Queenly Flesh
Generate ESB ItemName:,Quelana Pyromancy Tome
Generate ESB ItemName:,Quicksilver Bullets
Generate ESB ItemName:,Radiance Rune
Generate ESB ItemName:,Radiant Blood Gemstone
Generate ESB ItemName:,Radiant Sword Hunter Badge
Generate ESB ItemName:,Rare Ring of Sacrifice
Generate ESB ItemName:,Red & White Round Shield
Generate ESB ItemName:,Red Jelly
Generate ESB ItemName:,Red Jeweled Brooch
Generate ESB ItemName:,Red Tearstone Ring
Generate ESB ItemName:,Redeye Ring
Generate ESB ItemName:,Repairbox
Generate ESB ItemName:,Reversal Ring
Generate ESB ItemName:,Right Eye
Generate ESB ItemName:,Ring of Binding
Generate ESB ItemName:,Ring of Blades
Generate ESB ItemName:,Ring of Favor
Generate ESB ItemName:,Ring of Favor and Protection
Generate ESB ItemName:,Ring of Fog
Generate ESB ItemName:,Ring of Giants
Generate ESB ItemName:,Ring of Knowledge
Generate ESB ItemName:,Ring of Life Protection
Generate ESB ItemName:,Ring of Prayer
Generate ESB ItemName:,Ring of Resistance
Generate ESB ItemName:,Ring of Restoration
Generate ESB ItemName:,Ring of Sacrifice
Generate ESB ItemName:,Ring of Soul Protection
Generate ESB ItemName:,Ring of Steel Protection
Generate ESB ItemName:,Ring of the Dead
Generate ESB ItemName:,Ring of the Embedded
Generate ESB ItemName:,Ring of the Evil Eye
Generate ESB ItemName:,Ring of the Guilty
Generate ESB ItemName:,Ring of the Sun Princess
Generate ESB ItemName:,Ring of the Sun's First Born
Generate ESB ItemName:,Ring of the Sun's Firstborn
Generate ESB ItemName:,Ring of Thorns
Generate ESB ItemName:,Ring of Whispers
Generate ESB ItemName:,Rite of Kindling
Generate ESB ItemName:,Ritual Blood
Generate ESB ItemName:,Royal Soldier's Ring
Generate ESB ItemName:,Rubbish
Generate ESB ItemName:,Rune Workshop Tool
Generate ESB ItemName:,Sage Ring
Generate ESB ItemName:,Sage's Hair
Generate ESB ItemName:,Sage's Scroll
Generate ESB ItemName:,Sage's Wrist
Generate ESB ItemName:,Saint's Ring
Generate ESB ItemName:,Sanctus
Generate ESB ItemName:,Saw Hunter Badge
Generate ESB ItemName:,Scholar Ring
Generate ESB ItemName:,Sedative
Generate ESB ItemName:,Servant Roster
Generate ESB ItemName:,Shaman Bone Blade
Generate ESB ItemName:,Sharp Blood Gemstone
Generate ESB ItemName:,Shining Coins
Generate ESB ItemName:,Short Ritual Root Chalice
Generate ESB ItemName:,Silver Coin
Generate ESB ItemName:,Silver Knight Shield
Generate ESB ItemName:,Silver Pendant
Generate ESB ItemName:,Silvercat Ring
Generate ESB ItemName:,Simpleton's Ring
Generate ESB ItemName:,Skull Lantern
Generate ESB ItemName:,Skull Ring
Generate ESB ItemName:,Slumbering Dragoncrest Ring
Generate ESB ItemName:,Small Doll
Generate ESB ItemName:,Small Envoy Banner
Generate ESB ItemName:,Small Hair Ornament
Generate ESB ItemName:,Small Leather Shield
Generate ESB ItemName:,Small Lothric Banner
Generate ESB ItemName:,Sorcery Clutch Ring
Generate ESB ItemName:,Southern Ritual Band
Generate ESB ItemName:,Souvenir of Reprisal
Generate ESB ItemName:,Spark Hunter Badge
Generate ESB ItemName:,Speckled Stoneplate Ring
Generate ESB ItemName:,Spell Quartz Ring
Generate ESB ItemName:,Spell Stoneplate Ring
Generate ESB ItemName:,Spider Shield
Generate ESB ItemName:,Stone Greatshield
Generate ESB ItemName:,Stone Ring
Generate ESB ItemName:,Strength Ring
Generate ESB ItemName:,Stunning Deep Sea Rune
Generate ESB ItemName:,Sun Princess Ring
Generate ESB ItemName:,Sun Seal
Generate ESB ItemName:,Sunlight Medal
Generate ESB ItemName:,Sunlight Shield
Generate ESB ItemName:,Sword of Avowal
Generate ESB ItemName:,Target Shield
Generate ESB ItemName:,Tear Stone
Generate ESB ItemName:,Tearstone Ring
Generate ESB ItemName:,Tempering Blood Gemstone
Generate ESB ItemName:,Tempering Damp Blood Gem
Generate ESB ItemName:,Thick Coldblood
Generate ESB ItemName:,Thunder Quartz Ring
Generate ESB ItemName:,Thunder Stoneplate Ring
Generate ESB ItemName:,Tiny Being's Ring
Generate ESB ItemName:,Tiny Tonitrus
Generate ESB ItemName:,Tomb Mold
Generate ESB ItemName:,Tonsil Stone
Generate ESB ItemName:,Torch
Generate ESB ItemName:,Tower Kite Shield
Generate ESB ItemName:,Tower Shield
Generate ESB ItemName:,Unopened Summons
Generate ESB ItemName:,Untrue Dark Ring
Generate ESB ItemName:,Upper Cathedral Key
Generate ESB ItemName:,Vermin
Generate ESB ItemName:,Vileblood Register
Generate ESB ItemName:,Warrior Round Shield
Generate ESB ItemName:,Weapon Smithbox
Generate ESB ItemName:,Wheel Hunter Badge
Generate ESB ItemName:,White Ring
Generate ESB ItemName:,White Seance Ring
Generate ESB ItemName:,Witch's Ring
Generate ESB ItemName:,Wolf Ring
Generate ESB ItemName:,Wood Grain Ring
Generate ESB ItemName:,Wooden Shield
Generate ESB ItemName:,Workshop Haze Extractor
Generate ESB ItemName:,Yellow Backbone
Generate ESB ItemName:,Yharnam Stone
Generate ESB ItemName:,Yorgh's Ring
Generate ESB ItemName:,Young Grass Dew
Generate ESB CharacterName:,Griggs of Vinheim
Generate ESB CharacterName:,Blacksmith Rickert of Vinheim
Generate ESB CharacterName:,Big Hat Logan
Generate ESB CharacterName:,Laurentius of the Great Swamp
Generate ESB CharacterName:,Quelana of Izalith
Generate ESB CharacterName:,Eingyi
Generate ESB CharacterName:,Petrus of Thorolund
Generate ESB CharacterName:,Reah of Thorolund
Generate ESB CharacterName:,Dusk of Oolacile
Generate ESB CharacterName:,"Ingward, the Guardian of the Seal"
Generate ESB CharacterName:,Anastacia of Astora
Generate ESB CharacterName:,Kingseeker Frampt
Generate ESB CharacterName:,Vince of Thorolund
Generate ESB CharacterName:,Nico of Thorolund
Generate ESB CharacterName:,Solaire of Astora
Generate ESB CharacterName:,Knight Lautrec
Generate ESB CharacterName:,Oswald of Carim
Generate ESB CharacterName:,Alvina of the Darkroot Wood
Generate ESB CharacterName:,Shiva of the East
Generate ESB CharacterName:,Domhnall
Generate ESB CharacterName:,Fair Lady the Daughter of Chaos
Generate ESB CharacterName:,Siegmeyer of Catarina
Generate ESB CharacterName:,Darkstalker Kaathe
Generate ESB CharacterName:,Princess Gwynevere
Generate ESB CharacterName:,Dark Sun Gwyndolin
Generate ESB CharacterName:,Crossbreed Priscilla
Generate ESB CharacterName:,Trusty Patches
Generate ESB CharacterName:,Lord's Blade Ciaran
Generate ESB CharacterName:,Elizabeth
Generate ESB CharacterName:,Hawkeye Gough
Generate ESB CharacterName:,Marvellous Chester
Generate ESB CharacterName:,Asylum Demon
Generate ESB CharacterName:,Bell Gargoyle
Generate ESB CharacterName:,Capra Demon
Generate ESB CharacterName:,Ceaseless Discharge
Generate ESB CharacterName:,Centipede Demon
Generate ESB CharacterName:,Chaos Witch Quelaag
Generate ESB CharacterName:,Demon Firesage
Generate ESB CharacterName:,Four Kings
Generate ESB CharacterName:,Gaping Dragon
Generate ESB CharacterName:,Great Grey Wolf Sif
Generate ESB CharacterName:,Gwyn Lord of Cinder
Generate ESB CharacterName:,Iron Golem
Generate ESB CharacterName:,Moonlight Butterfly
Generate ESB CharacterName:,Gravelord Nito
Generate ESB CharacterName:,Dragon Slayer Ornstein
Generate ESB CharacterName:,Executioner Smough
Generate ESB CharacterName:,Pinwheel
Generate ESB CharacterName:,Seath the Scaleless
Generate ESB CharacterName:,Stray Demon
Generate ESB CharacterName:,Taurus Demon
Generate ESB CharacterName:,The Bed of Chaos
Generate ESB CharacterName:,Strowen
Generate ESB CharacterName:,Shanalotte
Generate ESB CharacterName:,Sweet Shalquoir
Generate ESB CharacterName:,Nashandra
Generate ESB CharacterName:,Masterless Glencour
Generate ESB CharacterName:,Melinda the Butcher
Generate ESB CharacterName:,Bowman Guthry
Generate ESB CharacterName:,Rhoy the Explorer
Generate ESB CharacterName:,Weaponsmith Ornifex
Generate ESB CharacterName:,Darkdiver Grandahl
Generate ESB CharacterName:,Cromwell the Pardoner
Generate ESB CharacterName:,Grave Warden Agdayne
Generate ESB CharacterName:,Lonesome Gavlan
Generate ESB CharacterName:,Mild Mannered Pate
Generate ESB CharacterName:,Sentinel Targray
Generate ESB CharacterName:,Bell Keeper
Generate ESB CharacterName:,Royal Sorcerer Navlaan
Generate ESB CharacterName:,Benhart of Jugo
Generate ESB CharacterName:,Rosabeth of Melfia
Generate ESB CharacterName:,"Alsanna, Silent Oracle"
Generate ESB CharacterName:,Vendrick
Generate ESB CharacterName:,Milfanito
Generate ESB CharacterName:,Captain Drummond
Generate ESB CharacterName:,Magerold of Lanafir
Generate ESB CharacterName:,Titchy Gren
Generate ESB CharacterName:,Milibeth
Generate ESB CharacterName:,Dyna
Generate ESB CharacterName:,Tillo
Generate ESB CharacterName:,Chloanne
Generate ESB CharacterName:,Carhillion of the Fold
Generate ESB CharacterName:,Crestfallen Saulden
Generate ESB CharacterName:,Scorpioness Najka
Generate ESB CharacterName:,"Mytha, the Baneful Queen"
Generate ESB CharacterName:,Merciless Roenna
Generate ESB CharacterName:,Leydia Pyromancer
Generate ESB CharacterName:,Headless Vengarl
Generate ESB CharacterName:,Merchant Kalé
Generate ESB CharacterName:,Sorceress Sellen
Generate ESB CharacterName:,Nomadic Merchants
Generate ESB CharacterName:,Smithing Master Hewg
Generate ESB CharacterName:,Roderika
Generate ESB CharacterName:,Enia
Generate ESB CharacterName:,Thops
Generate ESB CharacterName:,"Miriel, Pastor of Vows"
Generate ESB CharacterName:,Isolated Merchants
Generate ESB CharacterName:,War Counselor Iji
Generate ESB CharacterName:,Sorcerer Rogier
Generate ESB CharacterName:,Boc the Seamster
Generate ESB CharacterName:,"D, Hunter of the Dead"
Generate ESB CharacterName:,Brother Corhyn
Generate ESB CharacterName:,"Gurranq, Beast Clergyman"
Generate ESB CharacterName:,Knight Bernahl
Generate ESB CharacterName:,"Pidia, Carian Servant"
Generate ESB CharacterName:,"Rennala, Queen of the Full Moon"
Generate ESB CharacterName:,Melina
Generate ESB CharacterName:,Iron Fist Alexander
Generate ESB CharacterName:,Bloody Finger Hunter Yura
Generate ESB CharacterName:,White Mask Varré
Generate ESB CharacterName:,Fia The Death bed companion
Generate ESB CharacterName:,Edgar
Generate ESB CharacterName:,Irina
Generate ESB CharacterName:,Kenneth Haight
Generate ESB CharacterName:,Queen Marika
Generate ESB CharacterName:,Diallos
Generate ESB CharacterName:,Twin Maiden Husks
Generate ESB CharacterName:,Frustrated Spirit
Generate ESB CharacterName:,Sir Gideon Ofnir the all knowing
Generate ESB CharacterName:,Warrior Nepheli Loux
Generate ESB CharacterName:,Lightseeker Hyetta
Generate ESB CharacterName:,Ranni the Witch
Generate ESB CharacterName:,Millicent
Generate ESB CharacterName:,Latenna
Generate ESB CharacterName:,Goldmask of the Golden order
Generate ESB CharacterName:,"D, Beholder of Death"
Generate ESB CharacterName:,Master Lusat
Generate ESB CharacterName:,"Annalise, Queen of the Vilebloods"
Generate ESB CharacterName:,"Arianna, Woman of the Night"
Generate ESB CharacterName:,Blood Minister
Generate ESB CharacterName:,Eileen the Crow
Generate ESB CharacterName:,Iosefka
Generate ESB CharacterName:,Gilbert
Generate ESB CharacterName:,Provost Willem
Generate ESB CharacterName:,Oedon Chapel Dweller
Generate ESB CharacterName:,"Gehrman, The First Hunter"
Generate ESB CharacterName:,Retired Hunter Djura
Generate ESB CharacterName:,"Adella, Nun of the Healing Church"
Generate ESB CharacterName:,Plain Doll
Generate ESB CharacterName:,Alfred
Generate ESB CharacterName:,Valtr
Generate ESB CharacterName:,Brador
Generate ESB CharacterName:,Old Hunter Yamamura
Generate ESB CharacterName:,Saint Adeline
Generate ESB CharacterName:,Celestial Emissary
Generate ESB CharacterName:,Darkbeast Paarl
Generate ESB CharacterName:,"Ebrietas, Daughter of the Cosmos"
Generate ESB CharacterName:,Martyr Logarius
Generate ESB CharacterName:,Father Gascoigne
Generate ESB CharacterName:,"Micolash, Host of the Nightmare"
Generate ESB CharacterName:,"Rom, the Vacuous Spider"
Generate ESB CharacterName:,Witch of Hemwick
Generate ESB CharacterName:,Vicar Amelia
Generate ESB CharacterName:,Blacksmith Andre
Generate ESB CharacterName:,Greirat of the Undead Settlement
Generate ESB CharacterName:,Siegward of Catarina
Generate ESB CharacterName:,Yoel of Londor
Generate ESB CharacterName:,Ludleth of Courland
Generate ESB CharacterName:,Hawkwood
Generate ESB CharacterName:,"Emma, High Priestess of Lothric Castle"
Generate ESB CharacterName:,Yuria of Londor
Generate ESB CharacterName:,Eygon of Carim
Generate ESB CharacterName:,Irina of Carim
Generate ESB CharacterName:,Horace the Hushed
Generate ESB CharacterName:,Leonhard
Generate ESB CharacterName:,Cornyx of the Great Swamp
Generate ESB CharacterName:,Sirris of the Sunless Realms
Generate ESB CharacterName:,Orbeck of Vinheim
Generate ESB CharacterName:,"Rosaria, Mother of Rebirth"
Generate ESB CharacterName:,Anri of Astora
Generate ESB CharacterName:,Holy Knight Hodrick
Generate ESB CharacterName:,Karla
Generate ESB CharacterName:,Archdeacon McDonnell
Generate ESB CharacterName:,Company Captain Yorshka
Generate ESB CharacterName:,Old Wolf of Farron
Generate ESB CharacterName:,Sir Vilhelm
Generate ESB CharacterName:,Sister Friede
Generate ESB CharacterName:,Slave Knight Gael
Generate ESB CharacterName:,Picklepum The Crow
Generate ESB CharacterName:,Filianore
Generate ESB CharacterName:,Shira
Generate ESB CharacterName:,Judicator Argo
Generate ESB CharacterName:,Stone-humped Hag
Generate ESB CharacterName:,High Lord Wolnir
Generate ESB CharacterName:,Iudex Gundyr
Generate ESB CharacterName:,Nameless King
Generate ESB CharacterName:,"Aldrich, Devourer of Gods"
Generate ESB CharacterName:,Crystal Sage
Generate ESB CharacterName:,Yhorm the Giant
Generate ESB CharacterName:,"Oceiros, the Consumed King"
Generate ESB CharacterName:,Darkeater Midir
Generate ESB CharacterName:,"Guthlac, High Priest of the Sun"
Generate ESB CharacterName:,"Aldwulf, Death Father of Glass"
Generate ESB CharacterName:,"Leofric, Herald of Storms"
Generate ESB CharacterName:,"Osbald, Gargantuan Warrior of Solitude"
Generate ESB CharacterName:,"Maerwynn, Divinity of the Inferno"
Generate ESB CharacterName:,Witch Eadild
Generate ESB CharacterName:,"Edoma, Corrupt High Priestess of Stone"
Generate ESB CharacterName:,"Godwyn, Eminence of Pride"
Generate ESB CharacterName:,"Aelwin, Commander of Elegance"
Generate ESB CharacterName:,Ambitious Apostle Aelfred
Generate ESB CharacterName:,Amygre'el
Generate ESB CharacterName:,Aldwyn
Generate ESB CharacterName:,"Saegyth, Paragon of Existence"
Generate ESB CharacterName:,"Osbeorn, Angry Novice of Heat"
Generate ESB CharacterName:,"Aedwen, Adamant Abbess of Nights"
Generate ESB CharacterName:,Warrior Mathilda
Generate ESB CharacterName:,"Estrith, Grand Counselor"
Generate ESB CharacterName:,Ellsbeth Lady of Steel
Generate ESB MonsterName:,Hollow Warrior
Generate ESB MonsterName:,Bat Wing Demon
Generate ESB MonsterName:,Balder Knight Archer
Generate ESB MonsterName:,Great Stone Knight
Generate ESB MonsterName:,Royal Sentinel
Generate ESB MonsterName:,Giant Skeleton Archer
Generate ESB MonsterName:,Giant Skeleton
Generate ESB MonsterName:,Skeleton
Generate ESB MonsterName:,Large Mushroom People
Generate ESB MonsterName:,Small Mushroom People
Generate ESB MonsterName:,Tree Lizard
Generate ESB MonsterName:,Stone Demon
Generate ESB MonsterName:,Crystal Knight
Generate ESB MonsterName:,Undead Attack DOg
Generate ESB MonsterName:,Vile Maggot
Generate ESB MonsterName:,Pisaca
Generate ESB MonsterName:,Wisp
Generate ESB MonsterName:,Moonlight Butterfly
Generate ESB MonsterName:,Mass of Souls
Generate ESB MonsterName:,Mimic
Generate ESB MonsterName:,Possessed Tree
Generate ESB MonsterName:,Banshee
Generate ESB MonsterName:,Silver Knight
Generate ESB MonsterName:,Egg Carrier
Generate ESB MonsterName:,Ghost
Generate ESB MonsterName:,Cragspider
Generate ESB MonsterName:,Giant Leech
Generate ESB MonsterName:,Crow Demon
Generate ESB MonsterName:,Drake
Generate ESB MonsterName:,Basilisk
Generate ESB MonsterName:,Undead Mage
Generate ESB MonsterName:,Infested Ghoul
Generate ESB MonsterName:,Large Rats
Generate ESB MonsterName:,Man-Eater Shell
Generate ESB MonsterName:,Darkwraith Knight
Generate ESB MonsterName:,Hollow
Generate ESB MonsterName:,Undead Crystal Archer
Generate ESB MonsterName:,Bonewheels
Generate ESB MonsterName:,Man Serpent
Generate ESB MonsterName:,Engorged Zombie
Generate ESB MonsterName:,Ents
Generate ESB MonsterName:,The Channeler
Generate ESB MonsterName:,The Black Knights
Generate ESB MonsterName:,Forest Protectors
Generate ESB MonsterName:,Blowdart Sniper
Generate ESB MonsterName:,Pursuer
Generate ESB MonsterName:,Looking Glass Knight
Generate ESB MonsterName:,Lost Sinner
Generate ESB MonsterName:,Belfry Gargoyle
Generate ESB MonsterName:,Ruin Sentinel
Generate ESB MonsterName:,The Rotten
Generate ESB MonsterName:,Old Dragonslayer
Generate ESB MonsterName:,Old Iron King
Generate ESB MonsterName:,Guardian Dragon
Generate ESB MonsterName:,"Velstadt, the Royal Aegis"
Generate ESB MonsterName:,Dragonrider
Generate ESB MonsterName:,Aldia Warlock
Generate ESB MonsterName:,Amana Aberration
Generate ESB MonsterName:,Archdrake Pilgrim
Generate ESB MonsterName:,Ashen Warrior
Generate ESB MonsterName:,Astrologist
Generate ESB MonsterName:,Banedigger
Generate ESB MonsterName:,Catarina Knight
Generate ESB MonsterName:,Covetous Demon
Generate ESB MonsterName:,Crescent Sickle Phantom
Generate ESB MonsterName:,Dragonfang Villard
Generate ESB MonsterName:,Executioner
Generate ESB MonsterName:,Flame Lizard
Generate ESB MonsterName:,Forrest Grotesque
Generate ESB MonsterName:,Foreign Wanderer
Generate ESB MonsterName:,Forlorn
Generate ESB MonsterName:,Ogre
Generate ESB MonsterName:,Old Knight
Generate ESB MonsterName:,Nimble Shadow
Generate ESB MonsterName:,Mongrel Rat
Generate ESB MonsterName:,Lion Clan Warrior
Generate ESB MonsterName:,Knight Phantom
Generate ESB MonsterName:,Ironclad Soldier
Generate ESB MonsterName:,Hollow Priest
Generate ESB MonsterName:,Royal Swordsman
Generate ESB MonsterName:,Rampart Golem
Generate ESB MonsterName:,Prowling Magus
Generate ESB MonsterName:,Parasitized Undead
Generate ESB MonsterName:,Poison Moth
Generate ESB MonsterName:,Possessed Armor
Generate ESB MonsterName:,Spider Drone
Generate ESB MonsterName:,Stone Knight
Generate ESB MonsterName:,Tseldoran Settler
Generate ESB MonsterName:,Wall Spectre
Generate ESB MonsterName:,Witchtree
Generate ESB MonsterName:,Fume Sorcerer
Generate ESB MonsterName:,Eleum Loyce Giant
Generate ESB MonsterName:,Lesser Red Wolf of Radagon
Generate ESB MonsterName:,Death Bird
Generate ESB MonsterName:,Mad Pumpkin Head
Generate ESB MonsterName:,Lesser Glintstone Dragon
Generate ESB MonsterName:,Bloody Finger Nerijus
Generate ESB MonsterName:,Living Jar
Generate ESB MonsterName:,Omen
Generate ESB MonsterName:,Baleful Shadow
Generate ESB MonsterName:,Farum Azula Dragon
Generate ESB MonsterName:,Crystal Snail
Generate ESB MonsterName:,Lesser Bloodhound Knight
Generate ESB MonsterName:,Haligtree Knight
Generate ESB MonsterName:,Inquisitor Ghiza
Generate ESB MonsterName:,Lion Guardian
Generate ESB MonsterName:,Nox Monk
Generate ESB MonsterName:,Lesser Crystalian
Generate ESB MonsterName:,Lesser Cleanrot Knight
Generate ESB MonsterName:,Lesser Ulcerated Tree Spirit
Generate ESB MonsterName:,Night Maiden
Generate ESB MonsterName:,Mad Tongue Alberich
Generate ESB MonsterName:,Knight of Zamor
Generate ESB MonsterName:,Fire Prelate
Generate ESB MonsterName:,Raya Lucaria Knight
Generate ESB MonsterName:,Albinauric Wolfback Archer
Generate ESB MonsterName:,Leyndell Soldier
Generate ESB MonsterName:,Starcaller
Generate ESB MonsterName:,Moongrum Carian Knight
Generate ESB MonsterName:,Demi-Human Queen
Generate ESB MonsterName:,Troll
Generate ESB MonsterName:,Golem
Generate ESB MonsterName:,Imp
Generate ESB MonsterName:,Ancestral Follower
Generate ESB MonsterName:,Azula Beastman
Generate ESB MonsterName:,Flame Guardian
Generate ESB MonsterName:,Guardian
Generate ESB MonsterName:,Lesser Kindred of Rot
Generate ESB MonsterName:,Oracle Envoy
Generate ESB MonsterName:,Duelists
Generate ESB MonsterName:,High Page
Generate ESB MonsterName:,Nameless White Mask
Generate ESB MonsterName:,Beast Patient
Generate ESB MonsterName:,Gravekeeper Scorpion
Generate ESB MonsterName:,Maneater Boar
Generate ESB MonsterName:,Hemwick Grave Woman
Generate ESB MonsterName:,Merciless Watcher
Generate ESB MonsterName:,Beast-possessed Soul
Generate ESB MonsterName:,Hunting Dog
Generate ESB MonsterName:,Mergo's Attendant
Generate ESB MonsterName:,Bloodlicker
Generate ESB MonsterName:,Huntsman
Generate ESB MonsterName:,Bone Ash Hunter
Generate ESB MonsterName:,Brick Troll
Generate ESB MonsterName:,Nightmare Apostles
Generate ESB MonsterName:,Brain of Mensis
Generate ESB MonsterName:,Hateful Maggot
Generate ESB MonsterName:,Keeper's Hunting Dog
Generate ESB MonsterName:,Brainsucker
Generate ESB MonsterName:,Pilgrim
Generate ESB MonsterName:,Snatcher
Generate ESB MonsterName:,Carrion Crow
Generate ESB MonsterName:,Rotted Corpse
Generate ESB MonsterName:,Scourge Beast
Generate ESB MonsterName:,Chapel Giant
Generate ESB MonsterName:,Shadow of Yharnam
Generate ESB MonsterName:,Corvian
Generate ESB MonsterName:,Corvian Storyteller
Generate ESB MonsterName:,Smoldering Ghru
Generate ESB MonsterName:,Winged Knight
Generate ESB MonsterName:,Poisonhorn Bug
Generate ESB MonsterName:,Lycanthrope
Generate ESB MonsterName:,Court Sorcerer
Generate ESB MonsterName:,Darkwraith
Generate ESB MonsterName:,Sewer Centipede
Generate ESB MonsterName:,Stray Demon
Generate ESB MonsterName:,Overgrown Lothric Knight
Generate ESB MonsterName:,Judicator
Generate ESB MonsterName:,Infested Corpse
Generate ESB MonsterName:,Wretch
Generate ESB MonsterName:,Maggot-grub
Generate ESB MonsterName:,Headless Gargoyle
Generate ESB MonsterName:,Thrall
Generate ESB MonsterName:,Crystal Lizard
Generate ESB MonsterName:,Desert Pyromancer
Generate ESB MonsterName:,Harald Knight
Generate ESB MonsterName:,Angel
Generate ESB MonsterName:,Angel Pilgrim
Generate ESB MonsterName:,Flesh of Aldrich
Generate ESB MonsterName:,Deep Accursed
Generate ESB MonsterName:,Drang Knights
Generate ESB MonsterName:,Rock Lizard
Generate ESB MonsterName:,Drakeblood Knight
Generate ESB MonsterName:,Scholar
Generate ESB MonsterName:,Ghru Leaper